index,x_m,y_m,yaw,direction,drive_level
0,-0.000000,0.000000,0.000000000,1,1.0
1,0.105405,0.000000,-0.064159699,1,1.0
2,0.242805,-0.008828,-0.066501705,1,1.0
3,0.417107,-0.020436,-0.113221967,1,1.0
4,0.634960,-0.045208,-0.011939601,1,1.0
5,0.819329,-0.047409,-0.103486114,1,1.0
6,1.031567,-0.069452,-0.169354821,1,1.0
7,1.204581,-0.099036,-0.251494550,1,1.0
8,1.404955,-0.150519,-0.333173851,1,1.0
9,1.613945,-0.222845,-0.327556314,1,1.0
10,1.810811,-0.289739,-0.327580348,1,1.0
11,2.007681,-0.356641,-0.333802586,1,1.0
12,2.218794,-0.429850,-0.399904951,1,1.0
13,2.385766,-0.500426,-0.513571760,1,1.0
14,2.588897,-0.615004,-0.598171243,1,1.0
15,2.748753,-0.723938,-0.633178049,1,1.0
16,2.914608,-0.845675,-0.605512362,1,1.0
17,3.072510,-0.954984,-0.657450106,1,1.0
18,3.246320,-1.089170,-0.719913317,1,1.0
19,3.396538,-1.220899,-0.819833389,1,1.0
20,3.548587,-1.383797,-0.841864820,1,1.0
21,3.689561,-1.541663,-0.905882556,1,1.0
22,3.808504,-1.693375,-0.905830255,1,1.0
23,3.927461,-1.845088,-0.918618633,1,1.0
24,4.062312,-2.021676,-1.002234913,1,1.0
25,4.165632,-2.183380,-1.091794306,1,1.0
26,4.261258,-2.367510,-1.098639572,1,1.0
27,4.348940,-2.539206,-1.179888058,1,1.0
28,4.428938,-2.733321,-1.098639572,1,1.0
29,4.516620,-2.905017,-1.082054831,1,1.0
30,4.613308,-3.086840,-1.158101420,1,1.0
31,4.683429,-3.246992,-1.246173035,1,1.0
32,4.748405,-3.440069,-1.265336717,1,1.0
33,4.812766,-3.644176,-1.306697351,1,1.0
34,4.861233,-3.823407,-1.265336717,1,1.0
35,4.925594,-4.027514,-1.265325780,1,1.0
36,4.989959,-4.231628,-1.371291778,1,1.0
37,5.030733,-4.433285,-1.452520635,1,1.0
38,5.055883,-4.644935,-1.496354314,1,1.0
39,5.073341,-4.879011,-1.484662346,1,1.0
40,5.090542,-5.078219,-1.527902463,1,1.0
41,5.100055,-5.299861,-1.490195923,1,1.0
42,5.117136,-5.511328,-1.558435951,1,1.0
43,5.119793,-5.726292,-1.672127789,1,1.0
44,5.097057,-5.949894,-1.742799904,1,1.0
45,5.059406,-6.166630,-1.676913513,1,1.0
46,5.037384,-6.373381,-1.790375998,1,1.0
47,4.991788,-6.577684,-1.790409665,1,1.0
48,4.946183,-6.781993,-1.893764276,1,1.0
49,4.883453,-6.969423,-1.907935089,1,1.0
50,4.815507,-7.163266,-2.006244481,1,1.0
51,4.722738,-7.362669,-1.964874201,1,1.0
52,4.653300,-7.529656,-2.006244481,1,1.0
53,4.560531,-7.729060,-2.018899420,1,1.0
54,4.475455,-7.906037,-2.127644593,1,1.0
55,4.366802,-8.080561,-2.127672033,1,1.0
56,4.258140,-8.255089,-2.226040074,1,1.0
57,4.125900,-8.427162,-2.127672033,1,1.0
58,4.017237,-8.601691,-2.223090977,1,1.0
59,3.888169,-8.770665,-2.292970914,1,1.0
60,3.744804,-8.933409,-2.376698331,1,1.0
61,3.581033,-9.090598,-2.441174100,1,1.0
62,3.409318,-9.235355,-2.429385336,1,1.0
63,3.253236,-9.370112,-2.376698331,1,1.0
64,3.089465,-9.527302,-2.429385336,1,1.0
65,2.933382,-9.662059,-2.506814857,1,1.0
66,2.753718,-9.794374,-2.573031240,1,1.0
67,2.550467,-9.924240,-2.600304554,1,1.0
68,2.361741,-10.037699,-2.546367164,1,1.0
69,2.175240,-10.163987,-2.573031240,1,1.0
70,1.987627,-10.283861,-2.634166337,1,1.0
71,1.776426,-10.401285,-2.704848655,1,1.0
72,1.572919,-10.496284,-2.704848655,1,1.0
73,1.369412,-10.591283,-2.655893374,1,1.0
74,1.161797,-10.700879,-2.620771050,1,1.0
75,0.978287,-10.806149,-2.538865310,1,1.0
76,0.795028,-10.932259,-2.610192138,1,1.0
77,0.618698,-11.035906,-2.573031240,1,1.0
78,0.431084,-11.155780,-2.639207376,1,1.0
79,0.235527,-11.263220,-2.645248547,1,1.0
80,0.055601,-11.360661,-2.573031240,1,1.0
81,-0.116384,-11.470549,-2.552340669,1,1.0
82,-0.306089,-11.597362,-2.594769449,1,1.0
83,-0.491611,-11.710297,-2.704848655,1,1.0
84,-0.695118,-11.805296,-2.704883967,1,1.0
85,-0.898629,-11.900288,-2.639207376,1,1.0
86,-1.094187,-12.007729,-2.639247623,1,1.0
87,-1.289750,-12.115161,-2.647956955,1,1.0
88,-1.482400,-12.218820,-2.630833339,1,1.0
89,-1.680870,-12.330034,-2.754610002,1,1.0
90,-1.907954,-12.422578,-2.655588393,1,1.0
91,-2.093892,-12.520803,-2.624688825,1,1.0
92,-2.299080,-12.637443,-2.573031240,1,1.0
93,-2.471065,-12.747332,-2.511893362,1,1.0
94,-2.666358,-12.889632,-2.573031240,1,1.0
95,-2.838343,-12.999521,-2.639247623,1,1.0
96,-3.033906,-13.106953,-2.645204677,1,1.0
97,-3.213826,-13.204402,-2.573031240,1,1.0
98,-3.401439,-13.324276,-2.500857804,1,1.0
99,-3.565471,-13.446592,-2.487555382,1,1.0
100,-3.725115,-13.568974,-2.513632396,1,1.0
101,-3.893534,-13.691246,-2.506855104,1,1.0
102,-4.073203,-13.823553,-2.429346940,1,1.0
103,-4.229281,-13.958317,-2.359369492,1,1.0
104,-4.377423,-14.105522,-2.313828555,1,1.0
105,-4.533250,-14.275145,-2.359358324,1,1.0
106,-4.681383,-14.422344,-2.313790787,1,1.0
107,-4.837205,-14.591974,-2.252948427,1,1.0
108,-4.985082,-14.774038,-2.157323116,1,1.0
109,-5.105663,-14.955489,-2.134949821,1,1.0
110,-5.218035,-15.133082,-2.104353312,1,1.0
111,-5.334377,-15.330036,-2.226052977,1,1.0
112,-5.466626,-15.502116,-2.163591230,1,1.0
113,-5.590916,-15.686630,-2.163591230,1,1.0
114,-5.715207,-15.871144,-2.127672033,1,1.0
115,-5.823869,-16.045673,-2.048456849,1,1.0
116,-5.932262,-16.255069,-2.002904627,1,1.0
117,-6.018729,-16.442563,-2.091656515,1,1.0
118,-6.122895,-16.624130,-2.040005855,1,1.0
119,-6.226453,-16.828398,-2.006209958,1,1.0
120,-6.319217,-17.027809,-1.900983713,1,1.0
121,-6.388399,-17.229662,-1.801641743,1,1.0
122,-6.441688,-17.456390,-1.842950228,1,1.0
123,-6.495233,-17.648252,-1.790413052,1,1.0
124,-6.540838,-17.852560,-1.900983893,1,1.0
125,-6.617704,-18.076832,-1.790413052,1,1.0
126,-6.663309,-18.281141,-1.676875202,1,1.0
127,-6.685323,-18.487885,-1.634913747,1,1.0
128,-6.699396,-18.707078,-1.676889479,1,1.0
129,-6.721414,-18.913836,-1.634876050,1,1.0
130,-6.735479,-19.133021,-1.634916439,1,1.0
131,-6.749553,-19.352213,-1.603235893,1,1.0
132,-6.755938,-19.548973,-1.522180066,1,1.0
133,-6.744924,-19.775341,-1.500347532,1,1.0
134,-6.730871,-19.974480,-1.474263250,1,1.0
135,-6.712032,-20.169038,-1.517938179,1,1.0
136,-6.701116,-20.375363,-1.492155128,1,1.0
137,-6.684679,-20.583942,-1.379826505,1,1.0
138,-6.644544,-20.791545,-1.346986426,1,1.0
139,-6.595811,-21.005637,-1.284104542,1,1.0
140,-6.531540,-21.223643,-1.331627575,1,1.0
141,-6.482723,-21.423850,-1.347033575,1,1.0
142,-6.434000,-21.637948,-1.248527755,1,1.0
143,-6.361695,-21.854487,-1.179880483,1,1.0
144,-6.281692,-22.048610,-1.168259374,1,1.0
145,-6.193740,-22.255174,-1.091794306,1,1.0
146,-6.098113,-22.439304,-1.179888058,1,1.0
147,-6.018115,-22.633419,-1.168315059,1,1.0
148,-5.930177,-22.839981,-1.168272625,1,1.0
149,-5.842235,-23.046530,-1.091790427,1,1.0
150,-5.746604,-23.230667,-1.002234913,1,1.0
151,-5.611497,-23.442121,-1.085801860,1,1.0
152,-5.507912,-23.638686,-1.080643268,1,1.0
153,-5.396382,-23.847706,-1.089446586,1,1.0
154,-5.286737,-24.057623,-1.101912300,1,1.0
155,-5.188922,-24.250717,-1.014876845,1,1.0
156,-5.060640,-24.457199,-0.889431061,1,1.0
157,-4.911330,-24.641322,-1.002234913,1,1.0
158,-4.792117,-24.827902,-1.002234913,1,1.0
159,-4.664960,-25.026914,-1.023242915,1,1.0
160,-4.537229,-25.236397,-0.977961686,1,1.0
161,-4.418584,-25.412514,-0.923823252,1,1.0
162,-4.275784,-25.601543,-0.886917264,1,1.0
163,-4.118753,-25.794196,-0.964528410,1,1.0
164,-3.990199,-25.979599,-1.002234913,1,1.0
165,-3.863036,-26.178620,-1.002234913,1,1.0
166,-3.735879,-26.377632,-1.002234913,1,1.0
167,-3.600767,-26.589094,-0.928416688,1,1.0
168,-3.450024,-26.790556,-1.002234913,1,1.0
169,-3.322861,-26.989577,-1.080649551,1,1.0
170,-3.211341,-27.198581,-1.071915994,1,1.0
171,-3.089485,-27.422233,-1.085165900,1,1.0
172,-2.980338,-27.629032,-1.080646244,1,1.0
173,-2.868813,-27.838045,-1.002234913,1,1.0
174,-2.741652,-28.037065,-1.085801860,1,1.0
175,-2.638067,-28.233630,-1.080649220,1,1.0
176,-2.526546,-28.442634,-1.158060259,1,1.0
177,-2.430650,-28.661631,-1.085851194,1,1.0
178,-2.327075,-28.858202,-1.080646575,1,1.0
179,-2.215550,-29.067214,-1.168265999,1,1.0
180,-2.127603,-29.273770,-1.179888058,1,1.0
181,-2.047605,-29.467885,-1.265336717,1,1.0
182,-1.983244,-29.671992,-1.265325780,1,1.0
183,-1.918878,-29.876106,-1.179939626,1,1.0
184,-1.838889,-30.070228,-1.179888058,1,1.0
185,-1.758891,-30.264343,-1.265326995,1,1.0
186,-1.694526,-30.468456,-1.371291778,1,1.0
187,-1.653752,-30.670113,-1.424150439,1,1.0
188,-1.620653,-30.894205,-1.452539013,1,1.0
189,-1.595507,-31.105847,-1.399008281,1,1.0
190,-1.562677,-31.295071,-1.490157624,1,1.0
191,-1.545525,-31.507311,-1.528277431,1,1.0
192,-1.536149,-31.727705,-1.637657901,1,1.0
193,-1.550037,-31.935113,-1.699681374,1,1.0
194,-1.579739,-32.164290,-1.676916517,1,1.0
195,-1.601762,-32.371041,-1.597231356,1,1.0
196,-1.607887,-32.602674,-1.634873358,1,1.0
197,-1.621951,-32.821860,-1.742836810,1,1.0
198,-1.659612,-33.038602,-1.742772301,1,1.0
199,-1.697258,-33.255346,-1.742799904,1,1.0
200,-1.734910,-33.472082,-1.699715078,1,1.0
201,-1.764620,-33.701266,-1.642968994,1,1.0
202,-1.782461,-33.948035,-1.698740101,1,1.0
203,-1.808396,-34.149635,-1.817030051,1,1.0
204,-1.867787,-34.385937,-1.937873026,1,1.0
205,-1.954184,-34.610634,-1.900987380,1,1.0
206,-2.023367,-34.812486,-1.801638665,1,1.0
207,-2.076655,-35.039214,-1.930088513,1,1.0
208,-2.160153,-35.261523,-2.032776684,1,1.0
209,-2.254230,-35.450463,-2.138540514,1,1.0
210,-2.386214,-35.657403,-2.194427475,1,1.0
211,-2.526142,-35.851908,-2.138507253,1,1.0
212,-2.658121,-36.058855,-2.116026861,1,1.0
213,-2.784924,-36.267907,-2.216966789,1,1.0
214,-2.930028,-36.460307,-2.252948427,1,1.0
215,-3.077906,-36.642372,-2.276095222,1,1.0
216,-3.241420,-36.834428,-2.313790787,1,1.0
217,-3.397242,-37.004059,-2.252948427,1,1.0
218,-3.545120,-37.186123,-2.276064894,1,1.0
219,-3.708630,-37.378186,-2.376694011,1,1.0
220,-3.872401,-37.535376,-2.391452479,1,1.0
221,-4.051800,-37.702551,-2.396502015,1,1.0
222,-4.218537,-37.856360,-2.356921108,1,1.0
223,-4.379341,-38.016932,-2.332984044,1,1.0
224,-4.550806,-38.196546,-2.410450251,1,1.0
225,-4.714381,-38.343269,-2.470615482,1,1.0
226,-4.894241,-38.486051,-2.573031240,1,1.0
227,-5.097492,-38.615916,-2.639243152,1,1.0
228,-5.293054,-38.723349,-2.573031240,1,1.0
229,-5.480668,-38.843223,-2.624957061,1,1.0
230,-5.682449,-38.957856,-2.648185994,1,1.0
231,-5.887417,-39.068082,-2.754605912,1,1.0
232,-6.114510,-39.160631,-2.754601902,1,1.0
233,-6.341604,-39.253181,-2.704848655,1,1.0
234,-6.545111,-39.348180,-2.694853336,1,1.0
235,-6.764251,-39.453157,-2.704844241,1,1.0
236,-6.967758,-39.548156,-2.813117552,1,1.0
237,-7.202801,-39.628264,-2.813078436,1,1.0
238,-7.437839,-39.708381,-2.813124175,1,1.0
239,-7.672872,-39.788483,-2.769368470,1,1.0
240,-7.884328,-39.871041,-2.754605912,1,1.0
241,-8.111422,-39.963590,-2.869963467,1,1.0
242,-8.354409,-40.031265,-2.893150475,1,1.0
243,-8.581763,-40.088941,-2.924951564,1,1.0
244,-8.832690,-40.144169,-2.869963467,1,1.0
245,-9.075677,-40.211844,-2.832275890,1,1.0
246,-9.295083,-40.281960,-2.869963467,1,1.0
247,-9.538070,-40.349635,-2.982471251,1,1.0
248,-9.757731,-40.384886,-3.018390447,1,1.0
249,-9.961764,-40.410151,-3.072627737,1,1.0
250,-10.133577,-40.422019,3.126289631,1,1.0
251,-10.326044,-40.419074,3.020520564,1,1.0
252,-10.683982,-40.375524,3.020520564,1,1.0
