index,latitude,longitude,x_m,y_m,direction,mode,drive_level,event
0,37.2889530351,127.1076538906,0.000,0.000,1,NORMAL,2.00,NONE
1,37.2889560023,127.1076430146,-0.963,0.330,1,NORMAL,2.00,NONE
2,37.2889586690,127.1076315236,-1.981,0.627,1,NORMAL,2.00,NONE
3,37.2889615024,127.1076220207,-2.823,0.943,1,NORMAL,2.00,NONE
4,37.2889640356,127.1076122178,-3.691,1.225,1,NORMAL,2.00,NONE
5,37.2889667022,127.1076036589,-4.449,1.521,1,NORMAL,2.00,NONE
6,37.2889697688,127.1075926883,-5.420,1.863,1,NORMAL,2.00,NONE
7,37.2889721353,127.1075841647,-6.175,2.126,1,NORMAL,2.00,NONE
8,37.2889748687,127.1075754058,-6.951,2.431,1,NORMAL,2.00,NONE
9,37.2889772686,127.1075656735,-7.813,2.698,1,NORMAL,2.00,NONE
10,37.2889800020,127.1075548411,-8.772,3.002,1,NORMAL,2.00,NONE
11,37.2889825023,127.1075439087,-9.741,3.280,1,NORMAL,2.00,NONE
12,37.2889853024,127.1075322735,-10.771,3.592,1,NORMAL,2.00,NONE
13,37.2889873355,127.1075220764,-11.674,3.818,1,NORMAL,2.00,NONE
14,37.2889900355,127.1075101676,-12.729,4.119,1,NORMAL,2.00,NONE
15,37.2889936691,127.1074984913,-13.763,4.523,1,NORMAL,2.00,NONE
16,37.2889962025,127.1074875178,-14.735,4.805,1,NORMAL,2.00,NONE
17,37.2889986359,127.1074769443,-15.671,5.076,1,NORMAL,2.00,NONE
18,37.2890010691,127.1074655709,-16.678,5.347,1,NORMAL,2.00,NONE
19,37.2890035357,127.1074557414,-17.549,5.622,1,NORMAL,2.00,NONE
20,37.2890065359,127.1074456414,-18.444,5.956,1,NORMAL,2.00,NONE
21,37.2890084355,127.1074361443,-19.285,6.167,1,NORMAL,2.00,NONE
22,37.2890109020,127.1074256443,-20.215,6.442,1,NORMAL,2.00,NONE
23,37.2890137020,127.1074161120,-21.059,6.753,1,NORMAL,2.00,NONE
24,37.2890158352,127.1074061120,-21.944,6.991,1,NORMAL,2.00,NONE
25,37.2890183352,127.1073965796,-22.789,7.269,1,NORMAL,2.00,NONE
26,37.2890206018,127.1073863385,-23.696,7.521,1,NORMAL,2.00,NONE
27,37.2890234351,127.1073775061,-24.478,7.837,1,NORMAL,2.00,NONE
28,37.2890249674,127.1073720143,-24.964,8.007,1,NORMAL,2.00,NONE
29,37.2890265665,127.1073676000,-25.355,8.185,1,NORMAL,2.00,NONE
30,37.2890277999,127.1073648971,-25.595,8.323,1,SLOPE,2.00,NONE
31,37.2890300335,127.1073576045,-26.240,8.571,1,SLOPE,2.00,NONE
32,37.2890320001,127.1073490854,-26.995,8.790,1,SLOPE,2.00,NONE
33,37.2890338000,127.1073427000,-27.561,8.991,1,SLOPE,2.00,NONE
34,37.2890365000,127.1073339000,-28.340,9.291,1,SLOPE,2.00,NONE
35,37.2890389000,127.1073253000,-29.102,9.558,1,SLOPE,2.00,NONE
36,37.2890413000,127.1073154000,-29.978,9.826,1,SLOPE,2.00,NONE
37,37.2890437000,127.1073067000,-30.749,10.093,1,SLOPE,2.00,NONE
38,37.2890456664,127.1072967618,-31.629,10.312,1,SLOPE,2.00,NONE
39,37.2890482664,127.1072872942,-32.468,10.601,1,SLOPE,2.00,STOP_LINE
40,37.2890500329,127.1072781294,-33.279,10.798,1,SLOPE,2.00,NONE
41,37.2890517993,127.1072689942,-34.088,10.994,1,SLOPE,2.00,NONE
42,37.2890530000,127.1072633000,-34.593,11.128,1,SLOPE,2.00,NONE
43,37.2890538000,127.1072584000,-35.027,11.217,1,D_COURSE,2.00,NONE
44,37.2890560000,127.1072509000,-35.691,11.462,1,D_COURSE,2.00,NONE
45,37.2890585000,127.1072428000,-36.408,11.740,1,D_COURSE,2.00,NONE
46,37.2890609000,127.1072328000,-37.294,12.007,1,D_COURSE,2.00,NONE
47,37.2890633000,127.1072221000,-38.241,12.275,1,D_COURSE,2.00,NONE
48,37.2890660000,127.1072116000,-39.171,12.575,1,D_COURSE,2.00,NONE
49,37.2890688000,127.1072008000,-40.128,12.887,1,D_COURSE,2.00,NONE
50,37.2890719000,127.1071896000,-41.120,13.232,1,D_COURSE,2.00,NONE
51,37.2890750000,127.1071782000,-42.129,13.577,1,D_COURSE,2.00,NONE
52,37.2890780000,127.1071678000,-43.050,13.911,1,D_COURSE,2.00,NONE
53,37.2890809000,127.1071571000,-43.998,14.234,1,D_COURSE,2.00,NONE
54,37.2890847337,127.1071459971,-44.981,14.661,1,D_COURSE,2.00,NONE
55,37.2890883340,127.1071357647,-45.888,15.061,1,D_COURSE,2.00,NONE
56,37.2890916342,127.1071252971,-46.815,15.429,1,D_COURSE,2.00,NONE
57,37.2890954677,127.1071143942,-47.780,15.856,1,D_COURSE,2.00,NONE
58,37.2890983343,127.1071044647,-48.660,16.175,1,D_COURSE,2.00,NONE
59,37.2891016678,127.1070941000,-49.578,16.546,1,D_COURSE,2.00,NONE
60,37.2891054347,127.1070827971,-50.579,16.965,1,D_COURSE,2.00,NONE
61,37.2891084013,127.1070713942,-51.589,17.295,1,D_COURSE,2.00,NONE
62,37.2891114680,127.1070614676,-52.468,17.637,1,D_COURSE,2.00,NONE
63,37.2891145679,127.1070498676,-53.495,17.982,1,D_COURSE,2.00,NONE
64,37.2891181680,127.1070393735,-54.425,18.383,1,D_COURSE,2.00,NONE
65,37.2891219684,127.1070257618,-55.630,18.806,1,D_COURSE,2.00,NONE
66,37.2891244021,127.1070129942,-56.761,19.076,1,D_COURSE,2.00,NONE
67,37.2891243355,127.1070011324,-57.811,19.069,1,D_COURSE,2.00,NONE
68,37.2891235356,127.1069895353,-58.838,18.980,1,D_COURSE,2.00,NONE
69,37.2891203355,127.1069760236,-60.035,18.624,1,D_COURSE,2.00,NONE
70,37.2891134681,127.1069632472,-61.167,17.859,1,D_COURSE,2.00,NONE
71,37.2891060343,127.1069539531,-61.990,17.032,1,D_COURSE,2.00,NONE
72,37.2890974336,127.1069454236,-62.745,16.074,1,D_COURSE,2.00,NONE
73,37.2890896001,127.1069373589,-63.459,15.202,1,D_COURSE,2.00,NONE
74,37.2890814000,127.1069310000,-64.023,14.290,1,D_COURSE,2.00,NONE
75,37.2890735000,127.1069245000,-64.598,13.410,1,D_COURSE,2.00,NONE
76,37.2890651000,127.1069182000,-65.156,12.475,1,D_COURSE,2.00,NONE
77,37.2890565000,127.1069124000,-65.670,11.518,1,D_COURSE,2.00,NONE
78,37.2890479000,127.1069074000,-66.113,10.560,1,D_COURSE,2.00,NONE
79,37.2890388000,127.1069030000,-66.502,9.547,1,D_COURSE,2.00,NONE
80,37.2890295000,127.1068986000,-66.892,8.512,1,D_COURSE,2.00,NONE
81,37.2890203000,127.1068945000,-67.255,7.488,1,D_COURSE,2.00,NONE
82,37.2890112000,127.1068907000,-67.592,6.475,1,D_COURSE,2.00,NONE
83,37.2890020000,127.1068872000,-67.902,5.451,1,D_COURSE,2.00,NONE
84,37.2889925000,127.1068846000,-68.132,4.393,1,D_COURSE,2.00,NONE
85,37.2889826000,127.1068840000,-68.185,3.291,1,D_COURSE,2.00,NONE
86,37.2889728000,127.1068854000,-68.061,2.200,1,D_COURSE,2.00,NONE
87,37.2889633000,127.1068885000,-67.787,1.143,1,D_COURSE,2.00,NONE
88,37.2889540000,127.1068929000,-67.397,0.107,1,D_COURSE,2.00,NONE
89,37.2889454000,127.1068986000,-66.892,-0.850,1,D_COURSE,2.00,NONE
90,37.2889375000,127.1069051000,-66.316,-1.729,1,D_COURSE,2.00,NONE
91,37.2889306000,127.1069131000,-65.608,-2.497,1,D_COURSE,2.00,NONE
92,37.2889243000,127.1069219000,-64.829,-3.199,1,D_COURSE,2.00,NONE
93,37.2889192667,127.1069310324,-64.020,-3.759,1,D_COURSE,2.00,NONE
94,37.2889141001,127.1069423764,-63.015,-4.334,1,D_COURSE,2.00,NONE
95,37.2889087333,127.1069532498,-62.052,-4.932,1,D_COURSE,2.00,NONE
96,37.2889046333,127.1069642880,-61.074,-5.388,1,D_COURSE,2.00,NONE
97,37.2889013333,127.1069733117,-60.275,-5.755,1,D_COURSE,2.00,NONE
98,37.2888989000,127.1069818000,-59.524,-6.026,1,D_COURSE,2.00,NONE
99,37.2888955331,127.1069927324,-58.555,-6.401,1,D_COURSE,2.00,NONE
100,37.2888936330,127.1070055411,-57.421,-6.613,1,D_COURSE,2.00,NONE
101,37.2888936328,127.1070196586,-56.171,-6.613,1,D_COURSE,2.00,NONE
102,37.2888966328,127.1070312939,-55.140,-6.279,1,D_COURSE,2.00,NONE
103,37.2889018661,127.1070414997,-54.236,-5.696,1,D_COURSE,2.00,NONE
104,37.2889096329,127.1070493997,-53.537,-4.832,1,D_COURSE,2.00,NONE
105,37.2889177330,127.1070553291,-53.011,-3.930,1,D_COURSE,2.00,NONE
106,37.2889270001,127.1070625702,-52.370,-2.898,1,D_COURSE,2.00,NONE
107,37.2889356669,127.1070691114,-51.791,-1.933,1,D_COURSE,2.00,NONE
108,37.2889453339,127.1070757230,-51.205,-0.857,1,D_COURSE,2.00,NONE
109,37.2889544343,127.1070813936,-50.703,0.156,1,D_COURSE,2.00,NONE
110,37.2889600336,127.1070848466,-50.397,0.779,1,D_COURSE,2.00,NONE
111,37.2889684337,127.1070899114,-49.949,1.714,1,D_COURSE,2.00,NONE
112,37.2889756667,127.1070945055,-49.542,2.519,1,D_COURSE,2.00,NONE
113,37.2889844671,127.1071000321,-49.052,3.499,1,D_COURSE,2.00,NONE
114,37.2889901671,127.1071075291,-48.388,4.134,1,D_COURSE,2.00,NONE
115,37.2889940003,127.1071173673,-47.517,4.560,1,D_COURSE,2.00,NONE
116,37.2889961003,127.1071243233,-46.901,4.794,1,D_COURSE,2.00,NONE
117,37.2889961335,127.1071321499,-46.208,4.798,1,D_COURSE,2.00,NONE
118,37.2889951000,127.1071380000,-45.690,4.683,1,D_COURSE,2.00,NONE
119,37.2889935000,127.1071469000,-44.901,4.505,1,D_COURSE,2.00,NONE
120,37.2889911000,127.1071560000,-44.096,4.237,1,D_COURSE,2.00,NONE
121,37.2889880000,127.1071663000,-43.183,3.892,1,D_COURSE,2.00,NONE
122,37.2889845000,127.1071765000,-42.280,3.503,1,D_COURSE,2.00,NONE
123,37.2889812000,127.1071864000,-41.403,3.135,1,D_COURSE,2.00,NONE
124,37.2889773000,127.1071965000,-40.509,2.701,1,D_COURSE,2.00,NONE
125,37.2889733000,127.1072062000,-39.650,2.256,1,D_COURSE,2.00,NONE
126,37.2889692000,127.1072152000,-38.853,1.799,1,D_COURSE,2.00,NONE
127,37.2889649000,127.1072245000,-38.029,1.321,1,D_COURSE,2.00,NONE
128,37.2889600000,127.1072336000,-37.223,0.775,1,D_COURSE,2.00,NONE
129,37.2889561003,127.1072414265,-36.530,0.341,1,D_COURSE,2.00,NONE
130,37.2889510671,127.1072516353,-35.626,-0.219,1,D_COURSE,2.00,NONE
131,37.2889450338,127.1072636968,-34.557,-0.891,1,D_COURSE,2.00,NONE
132,37.2889379338,127.1072732172,-33.714,-1.681,1,D_COURSE,2.00,NONE
133,37.2889304006,127.1072806994,-33.052,-2.520,1,D_COURSE,2.00,NONE
134,37.2889208002,127.1072858758,-32.593,-3.588,1,D_COURSE,2.00,NONE
135,37.2889109666,127.1072890728,-32.310,-4.683,1,D_COURSE,2.00,NONE
136,37.2889002994,127.1072896201,-32.262,-5.871,1,D_COURSE,2.00,NONE
137,37.2888910326,127.1072868644,-32.506,-6.902,1,D_COURSE,2.00,NONE
138,37.2888838995,127.1072830822,-32.841,-7.696,1,D_COURSE,2.00,NONE
139,37.2888760663,127.1072793440,-33.172,-8.568,1,D_COURSE,2.00,NONE
140,37.2888684664,127.1072758440,-33.482,-9.414,1,D_COURSE,2.00,NONE
141,37.2888600330,127.1072722764,-33.798,-10.353,1,D_COURSE,2.00,NONE
142,37.2888530667,127.1072687411,-34.111,-11.128,1,D_COURSE,2.00,NONE
143,37.2888450667,127.1072648411,-34.456,-12.019,1,D_COURSE,2.00,NONE
144,37.2888371001,127.1072610440,-34.792,-12.906,1,D_COURSE,2.00,NONE
145,37.2888279999,127.1072570087,-35.150,-13.919,1,D_COURSE,2.00,NONE
146,37.2888220337,127.1072537058,-35.442,-14.583,1,D_COURSE,2.00,NONE
147,37.2888169674,127.1072514676,-35.640,-15.147,1,D_COURSE,2.00,NONE
148,37.2888125333,127.1072493361,-35.829,-15.641,1,D_COURSE,2.00,NONE
149,37.2888089331,127.1072471913,-36.019,-16.041,1,D_COURSE,2.00,NONE
150,37.2888031000,127.1072441000,-36.293,-16.691,1,D_COURSE,2.00,NONE
151,37.2887947999,127.1072396706,-36.685,-17.615,1,D_COURSE,2.00,NONE
152,37.2887857999,127.1072348676,-37.111,-18.617,1,D_COURSE,2.00,NONE
153,37.2887765000,127.1072306000,-37.489,-19.652,1,NORMAL,2.00,NONE
154,37.2887668000,127.1072264000,-37.861,-20.732,1,NORMAL,2.00,NONE
155,37.2887576000,127.1072220000,-38.250,-21.756,1,NORMAL,2.00,STOP_LINE
156,37.2887488000,127.1072174000,-38.658,-22.735,1,NORMAL,2.00,NONE
157,37.2887402000,127.1072125000,-39.092,-23.693,1,NORMAL,2.00,NONE
158,37.2887316000,127.1072076000,-39.526,-24.650,1,NORMAL,2.00,NONE
159,37.2887226000,127.1072028000,-39.951,-25.652,1,NORMAL,2.00,NONE
160,37.2887135000,127.1071982000,-40.358,-26.665,1,NORMAL,2.00,NONE
161,37.2887045000,127.1071935000,-40.774,-27.667,1,NORMAL,2.00,NONE
162,37.2886957000,127.1071893000,-41.146,-28.646,1,NORMAL,2.00,NONE
163,37.2886868000,127.1071847000,-41.554,-29.637,1,NORMAL,2.00,NONE
164,37.2886777000,127.1071801000,-41.961,-30.650,1,NORMAL,2.00,NONE
165,37.2886686000,127.1071760000,-42.324,-31.663,1,NORMAL,2.00,NONE
166,37.2886595000,127.1071722000,-42.661,-32.676,1,NORMAL,2.00,NONE
167,37.2886505000,127.1071681000,-43.024,-33.678,1,NORMAL,2.00,NONE
168,37.2886418000,127.1071634000,-43.440,-34.647,1,NORMAL,2.00,NONE
169,37.2886334000,127.1071585000,-43.874,-35.582,1,NORMAL,2.00,NONE
170,37.2886248000,127.1071544000,-44.237,-36.539,1,NORMAL,2.00,NONE
171,37.2886160000,127.1071509000,-44.547,-37.519,1,NORMAL,2.00,NONE
172,37.2886068000,127.1071467000,-44.919,-38.543,1,NORMAL,2.00,NONE
173,37.2885977000,127.1071418000,-45.353,-39.556,1,NORMAL,2.00,NONE
174,37.2885891000,127.1071366000,-45.814,-40.513,1,NORMAL,2.00,NONE
175,37.2885803000,127.1071318000,-46.239,-41.493,1,NORMAL,2.00,NONE
176,37.2885713000,127.1071274000,-46.628,-42.495,1,NORMAL,2.00,NONE
177,37.2885621000,127.1071227000,-47.045,-43.519,1,NORMAL,2.00,NONE
178,37.2885530000,127.1071175000,-47.505,-44.532,1,NORMAL,2.00,NONE
179,37.2885444000,127.1071124000,-47.957,-45.489,1,NORMAL,2.00,NONE
180,37.2885363000,127.1071065000,-48.479,-46.391,1,NORMAL,2.00,NONE
181,37.2885284000,127.1070994000,-49.108,-47.270,1,NORMAL,2.00,NONE
182,37.2885210000,127.1070919000,-49.773,-48.094,1,S_COURSE,2.00,NONE
183,37.2885146000,127.1070831000,-50.552,-48.806,1,S_COURSE,2.00,NONE
184,37.2885096000,127.1070732000,-51.429,-49.363,1,S_COURSE,2.00,NONE
185,37.2885065000,127.1070629000,-52.341,-49.708,1,S_COURSE,2.00,NONE
186,37.2885052000,127.1070521000,-53.297,-49.853,1,S_COURSE,2.00,NONE
187,37.2885045000,127.1070412000,-54.263,-49.931,1,S_COURSE,2.00,NONE
188,37.2885046000,127.1070298000,-55.272,-49.920,1,S_COURSE,2.00,NONE
189,37.2885060000,127.1070184000,-56.282,-49.764,1,S_COURSE,2.00,NONE
190,37.2885093000,127.1070081000,-57.194,-49.396,1,S_COURSE,2.00,NONE
191,37.2885150000,127.1069996000,-57.947,-48.762,1,S_COURSE,2.00,NONE
192,37.2885214330,127.1069895149,-58.840,-48.046,1,S_COURSE,2.00,NONE
193,37.2885300999,127.1069800268,-59.681,-47.081,1,S_COURSE,2.00,NONE
194,37.2885397004,127.1069739534,-60.218,-46.012,1,S_COURSE,2.00,NONE
195,37.2885499674,127.1069721268,-60.380,-44.869,1,S_COURSE,2.00,NONE
196,37.2885596009,127.1069711945,-60.463,-43.797,1,S_COURSE,2.00,NONE
197,37.2885701679,127.1069725297,-60.345,-42.621,1,S_COURSE,2.00,NONE
198,37.2885808349,127.1069785854,-59.808,-41.433,1,S_COURSE,2.00,NONE
199,37.2885882677,127.1069849411,-59.245,-40.606,1,S_COURSE,2.00,NONE
200,37.2885976343,127.1069896175,-58.831,-39.563,1,S_COURSE,2.00,NONE
201,37.2886075344,127.1069936557,-58.474,-38.461,1,S_COURSE,2.00,NONE
202,37.2886141670,127.1069957528,-58.288,-37.723,1,S_COURSE,2.00,NONE
203,37.2886239671,127.1069958793,-58.277,-36.632,1,S_COURSE,2.00,NONE
204,37.2886317000,127.1069937000,-58.470,-35.771,1,S_COURSE,2.00,NONE
205,37.2886405000,127.1069916000,-58.656,-34.791,1,S_COURSE,2.00,NONE
206,37.2886490000,127.1069876000,-59.010,-33.845,1,S_COURSE,2.00,NONE
207,37.2886572000,127.1069822000,-59.488,-32.932,1,S_COURSE,2.00,NONE
208,37.2886648000,127.1069759000,-60.046,-32.086,1,S_COURSE,2.00,NONE
209,37.2886724000,127.1069685000,-60.701,-31.240,1,S_COURSE,2.00,NONE
210,37.2886792000,127.1069600000,-61.454,-30.483,1,S_COURSE,2.00,NONE
211,37.2886843000,127.1069501000,-62.331,-29.915,1,S_COURSE,2.00,NONE
212,37.2886880000,127.1069389000,-63.323,-29.504,1,S_COURSE,2.00,NONE
213,37.2886908000,127.1069275000,-64.333,-29.192,1,S_COURSE,2.00,NONE
214,37.2886924000,127.1069161000,-65.342,-29.014,1,S_COURSE,2.00,NONE
215,37.2886929000,127.1069044000,-66.378,-28.958,1,S_COURSE,2.00,NONE
216,37.2886923000,127.1068930000,-67.388,-29.025,1,S_COURSE,2.00,NONE
217,37.2886913000,127.1068822000,-68.345,-29.136,1,S_COURSE,2.00,NONE
218,37.2886898000,127.1068718000,-69.266,-29.303,1,S_COURSE,2.00,NONE
219,37.2886879000,127.1068612000,-70.204,-29.515,1,S_COURSE,2.00,NONE
220,37.2886846328,127.1068492589,-71.262,-29.878,1,S_COURSE,2.00,NONE
221,37.2886832992,127.1068393294,-72.141,-30.027,1,S_COURSE,2.00,NONE
222,37.2886830991,127.1068291971,-73.039,-30.049,1,S_COURSE,2.00,NONE
223,37.2886830655,127.1068181618,-74.016,-30.053,1,S_COURSE,2.00,NONE
224,37.2886858657,127.1068065207,-75.047,-29.741,1,S_COURSE,2.00,NONE
225,37.2886906327,127.1067971207,-75.880,-29.211,1,S_COURSE,2.00,NONE
226,37.2886958328,127.1067880178,-76.686,-28.632,1,S_COURSE,2.00,NONE
227,37.2887009663,127.1067804589,-77.355,-28.060,1,S_COURSE,2.00,NONE
228,37.2887075000,127.1067733000,-77.989,-27.333,1,S_COURSE,2.00,NONE
229,37.2887139000,127.1067664000,-78.600,-26.620,1,S_COURSE,2.00,NONE
230,37.2887213000,127.1067608000,-79.096,-25.797,1,S_COURSE,2.00,NONE
231,37.2887293000,127.1067565000,-79.477,-24.906,1,S_COURSE,2.00,NONE
232,37.2887377000,127.1067528000,-79.805,-23.971,1,S_COURSE,2.00,NONE
233,37.2887463000,127.1067495000,-80.097,-23.014,1,S_COURSE,2.00,NONE
234,37.2887551000,127.1067481000,-80.221,-22.034,1,S_COURSE,2.00,NONE
235,37.2887639000,127.1067480000,-80.230,-21.054,1,S_COURSE,2.00,NONE
236,37.2887724000,127.1067491000,-80.133,-20.108,1,S_COURSE,2.00,NONE
237,37.2887808000,127.1067512000,-79.947,-19.173,1,S_COURSE,2.00,NONE
238,37.2887888000,127.1067550000,-79.610,-18.283,1,S_COURSE,2.00,NONE
239,37.2887966000,127.1067600000,-79.167,-17.414,1,S_COURSE,2.00,NONE
240,37.2888037000,127.1067662000,-78.618,-16.624,1,S_COURSE,2.00,NONE
241,37.2888101000,127.1067727000,-78.042,-15.911,1,S_COURSE,2.00,NONE
242,37.2888156000,127.1067806000,-77.343,-15.299,1,S_COURSE,2.00,NONE
243,37.2888195000,127.1067897000,-76.537,-14.865,1,S_COURSE,2.00,NONE
244,37.2888217000,127.1067995000,-75.669,-14.620,1,S_COURSE,2.00,NONE
245,37.2888230000,127.1068102000,-74.721,-14.475,1,S_COURSE,2.00,NONE
246,37.2888234000,127.1068211000,-73.756,-14.431,1,S_COURSE,2.00,NONE
247,37.2888232000,127.1068321000,-72.782,-14.453,1,S_COURSE,2.00,NONE
248,37.2888220000,127.1068430000,-71.816,-14.587,1,S_COURSE,2.00,NONE
249,37.2888199000,127.1068540000,-70.842,-14.821,1,S_COURSE,2.00,NONE
250,37.2888173000,127.1068651000,-69.859,-15.110,1,S_COURSE,2.00,NONE
251,37.2888144000,127.1068758000,-68.911,-15.433,1,S_COURSE,2.00,NONE
252,37.2888114000,127.1068867000,-67.946,-15.767,1,S_COURSE,2.00,NONE
253,37.2888085000,127.1068980000,-66.945,-16.090,1,NORMAL,2.00,NONE
254,37.2888053000,127.1069086000,-66.006,-16.446,1,NORMAL,2.00,NONE
255,37.2888018000,127.1069194000,-65.050,-16.835,1,NORMAL,2.00,NONE
256,37.2887983000,127.1069303000,-64.085,-17.225,1,NORMAL,2.00,NONE
257,37.2887948000,127.1069413000,-63.110,-17.615,1,NORMAL,2.00,NONE
258,37.2887916000,127.1069522000,-62.145,-17.971,1,NORMAL,2.00,NONE
259,37.2887881000,127.1069627000,-61.215,-18.360,1,NORMAL,2.00,NONE
260,37.2887845000,127.1069733000,-60.276,-18.761,1,NORMAL,2.00,NONE
261,37.2887807000,127.1069837000,-59.355,-19.184,1,NORMAL,2.00,NONE
262,37.2887775000,127.1069944000,-58.408,-19.540,1,NORMAL,2.00,NONE
263,37.2887745000,127.1070053000,-57.442,-19.874,1,NORMAL,2.00,NONE
264,37.2887712000,127.1070158000,-56.512,-20.242,1,NORMAL,2.00,NONE
265,37.2887673000,127.1070258000,-55.627,-20.676,1,NORMAL,2.00,NONE
266,37.2887636000,127.1070358000,-54.741,-21.088,1,NORMAL,2.00,NONE
267,37.2887606000,127.1070463000,-53.811,-21.422,1,NORMAL,2.00,NONE
268,37.2887575000,127.1070571000,-52.855,-21.767,1,NORMAL,2.00,NONE
269,37.2887544000,127.1070680000,-51.889,-22.112,1,NORMAL,2.00,NONE
270,37.2887509000,127.1070788000,-50.933,-22.502,1,NORMAL,2.00,NONE
271,37.2887475000,127.1070898000,-49.959,-22.880,1,NORMAL,2.00,NONE
272,37.2887443000,127.1071000000,-49.055,-23.236,1,NORMAL,2.00,NONE
273,37.2887416000,127.1071096000,-48.205,-23.537,1,NORMAL,2.00,STOP_LINE
274,37.2887393000,127.1071178000,-47.479,-23.793,1,NORMAL,2.00,NONE
275,37.2887362000,127.1071262000,-46.735,-24.138,1,NORMAL,2.00,NONE
276,37.2887328000,127.1071356000,-45.902,-24.516,1,NORMAL,2.00,NONE
277,37.2887294000,127.1071459000,-44.990,-24.895,1,NORMAL,2.00,NONE
278,37.2887265000,127.1071568000,-44.025,-25.218,1,NORMAL,2.00,NONE
279,37.2887233000,127.1071667000,-43.148,-25.574,1,NORMAL,2.00,NONE
280,37.2887197000,127.1071768000,-42.253,-25.975,1,NORMAL,2.00,NONE
281,37.2887169000,127.1071873000,-41.323,-26.286,1,NORMAL,2.00,NONE
282,37.2887142000,127.1071976000,-40.411,-26.587,1,NORMAL,2.00,NONE
283,37.2887113000,127.1072072000,-39.561,-26.910,1,NORMAL,2.00,NONE
284,37.2887084000,127.1072159000,-38.791,-27.233,1,NORMAL,2.00,NONE
285,37.2887063000,127.1072241000,-38.064,-27.466,1,NORMAL,2.00,NONE
286,37.2887044000,127.1072329000,-37.285,-27.678,1,NORMAL,2.00,NONE
287,37.2887008664,127.1072423000,-36.452,-28.071,1,NORMAL,2.00,NONE
288,37.2886980000,127.1072519000,-35.602,-28.390,1,NORMAL,2.00,NONE
289,37.2886942000,127.1072616000,-34.743,-28.813,1,NORMAL,2.00,NONE
290,37.2886908000,127.1072720000,-33.822,-29.192,1,NORMAL,2.00,NONE
291,37.2886883167,127.1072788788,-33.213,-29.468,1,NORMAL,2.00,NONE
292,37.2886865830,127.1072833671,-32.815,-29.661,1,NORMAL,2.00,NONE
293,37.2886854245,127.1072860655,-32.576,-29.790,1,T_PARK,2.00,NONE
294,37.2886844578,127.1072883200,-32.377,-29.898,1,T_PARK,2.00,NONE
295,37.2886833325,127.1072912394,-32.118,-30.023,1,T_PARK,2.00,NONE
296,37.2886810665,127.1072954926,-31.741,-30.275,1,T_PARK,2.00,NONE
297,37.2886775667,127.1072992867,-31.405,-30.665,1,T_PARK,2.00,NONE
298,37.2886728001,127.1073022448,-31.143,-31.196,1,T_PARK,2.00,NONE
299,37.2886680671,127.1073048021,-30.917,-31.722,1,T_PARK,2.00,NONE
300,37.2886634677,127.1073074557,-30.682,-32.234,1,T_PARK,2.00,NONE
301,37.2886569342,127.1073099055,-30.465,-32.962,1,T_PARK,2.00,NONE
302,37.2886497341,127.1073097525,-30.478,-33.763,1,T_PARK,2.00,NONE
303,37.2886409669,127.1073070745,-30.716,-34.739,1,T_PARK,2.00,NONE
304,37.2886325333,127.1073030230,-31.074,-35.678,1,T_PARK,2.00,NONE
305,37.2886229660,127.1072987877,-31.450,-36.743,1,T_PARK,2.00,NONE
306,37.2886146661,127.1072948334,-31.800,-37.667,1,T_PARK,2.00,NONE
307,37.2886067996,127.1072913724,-32.106,-38.543,1,T_PARK,2.00,NONE
308,37.2885995001,127.1072880724,-32.399,-39.355,1,T_PARK,2.00,NONE
309,37.2885900665,127.1072839856,-32.761,-40.405,1,T_PARK,2.00,NONE
310,37.2885816001,127.1072803055,-33.086,-41.348,1,T_PARK,2.00,NONE
311,37.2885720333,127.1072765644,-33.418,-42.413,1,T_PARK,2.00,NONE
312,37.2885624330,127.1072723233,-33.793,-43.482,1,T_PARK,2.00,NONE
313,37.2885544332,127.1072683499,-34.145,-44.372,1,T_PARK,2.00,NONE
314,37.2885455664,127.1072648498,-34.455,-45.359,1,T_PARK,2.00,NONE
315,37.2885371333,127.1072619204,-34.715,-46.298,1,T_PARK,2.00,NONE
316,37.2885291336,127.1072576117,-35.096,-47.188,1,T_PARK,2.00,NONE
317,37.2885192000,127.1072529000,-35.514,-48.294,1,T_PARK,2.00,NONE
318,37.2885112000,127.1072493000,-35.832,-49.185,1,T_PARK,2.00,NONE
319,37.2885042000,127.1072460000,-36.125,-49.964,1,T_PARK,2.00,NONE
320,37.2884995000,127.1072438000,-36.320,-50.487,1,T_PARK,2.00,NONE
321,37.2884940000,127.1072411000,-36.559,-51.100,1,T_PARK,2.00,NONE
322,37.2884877000,127.1072374000,-36.886,-51.801,1,T_PARK,2.00,NONE
323,37.2884816000,127.1072341000,-37.179,-52.480,1,T_PARK,2.00,NONE
324,37.2884769000,127.1072323000,-37.338,-53.003,1,T_PARK,2.00,NONE
325,37.2884738994,127.1072313265,-37.424,-53.337,1,T_PARK,2.00,NONE
326,37.2884789001,127.1072342382,-37.166,-52.780,1,T_PARK,2.00,NONE
327,37.2884820338,127.1072358660,-37.022,-52.432,1,T_PARK,2.00,NONE
328,37.2884853335,127.1072374955,-36.878,-52.064,1,T_PARK,2.00,NONE
329,37.2884897329,127.1072404801,-36.614,-51.575,1,T_PARK,2.00,NONE
330,37.2884983000,127.1072451000,-36.204,-50.621,1,T_PARK,2.00,NONE
331,37.2885047000,127.1072522000,-35.576,-49.908,1,T_PARK,2.00,NONE
332,37.2885096999,127.1072587398,-34.996,-49.352,1,T_PARK,2.00,NONE
333,37.2885147005,127.1072676162,-34.210,-48.795,1,T_PARK,2.00,NONE
334,37.2885197013,127.1072779220,-33.298,-48.238,1,T_PARK,2.00,NONE
335,37.2885209682,127.1072869265,-32.500,-48.097,1,T_PARK,2.00,NONE
336,37.2885193347,127.1072975324,-31.561,-48.279,1,T_PARK,2.00,NONE
337,37.2885156342,127.1073072581,-30.699,-48.691,1,T_PARK,2.00,NONE
338,37.2885122673,127.1073175029,-29.792,-49.066,1,T_PARK,2.00,NONE
339,37.2885090002,127.1073270838,-28.944,-49.430,1,T_PARK,2.00,NONE
340,37.2885054666,127.1073355324,-28.195,-49.823,1,T_PARK,2.00,NONE
341,37.2885034000,127.1073417000,-27.649,-50.053,1,T_PARK,2.00,NONE
342,37.2885025000,127.1073442000,-27.428,-50.153,1,T_PARK,2.00,NONE
343,37.2885010000,127.1073486000,-27.038,-50.320,1,T_PARK,2.00,NONE
344,37.2884989000,127.1073539000,-26.569,-50.554,1,T_PARK,2.00,NONE
345,37.2884981000,127.1073558000,-26.400,-50.643,1,T_PARK,2.00,NONE
346,37.2884983999,127.1073538647,-26.572,-50.610,1,T_PARK,2.00,NONE
347,37.2885000676,127.1073501170,-26.904,-50.424,1,T_PARK,2.00,NONE
348,37.2885016008,127.1073460796,-27.261,-50.253,1,T_PARK,2.00,NONE
349,37.2885032007,127.1073411921,-27.694,-50.075,1,T_PARK,2.00,NONE
350,37.2885048339,127.1073362162,-28.135,-49.894,1,T_PARK,2.00,NONE
351,37.2885076672,127.1073286867,-28.802,-49.578,1,T_PARK,2.00,NONE
352,37.2885107673,127.1073209507,-29.487,-49.233,1,T_PARK,2.00,NONE
353,37.2885143010,127.1073124146,-30.243,-48.840,1,T_PARK,2.00,NONE
354,37.2885180679,127.1073023212,-31.137,-48.420,1,T_PARK,2.00,NONE
355,37.2885217345,127.1072928278,-31.977,-48.012,1,T_PARK,2.00,NONE
356,37.2885263012,127.1072840117,-32.758,-47.504,1,T_PARK,2.00,NONE
357,37.2885315010,127.1072781270,-33.279,-46.925,1,T_PARK,2.00,NONE
358,37.2885380674,127.1072739432,-33.650,-46.194,1,T_PARK,2.00,NONE
359,37.2885447670,127.1072716859,-33.850,-45.448,1,T_PARK,2.00,NONE
360,37.2885521000,127.1072711000,-33.902,-44.632,1,T_PARK,2.00,NONE
361,37.2885608000,127.1072745000,-33.601,-43.663,1,T_PARK,2.00,NONE
362,37.2885699000,127.1072780000,-33.291,-42.650,1,T_PARK,2.00,NONE
363,37.2885790000,127.1072815000,-32.981,-41.637,1,T_PARK,2.00,NONE
364,37.2885881000,127.1072848000,-32.688,-40.624,1,T_PARK,2.00,NONE
365,37.2885968000,127.1072885000,-32.361,-39.656,1,T_PARK,2.00,NONE
366,37.2886060000,127.1072927000,-31.989,-38.632,1,T_PARK,2.00,NONE
367,37.2886147000,127.1072970000,-31.608,-37.663,1,T_PARK,2.00,NONE
368,37.2886230000,127.1073013000,-31.227,-36.739,1,T_PARK,2.00,NONE
369,37.2886315000,127.1073062000,-30.793,-35.793,1,T_PARK,2.00,NONE
370,37.2886397000,127.1073114000,-30.333,-34.880,1,T_PARK,2.00,NONE
371,37.2886473000,127.1073172000,-29.819,-34.034,1,T_PARK,2.00,NONE
372,37.2886537000,127.1073243000,-29.190,-33.322,1,T_PARK,2.00,NONE
373,37.2886587000,127.1073328000,-28.437,-32.765,1,T_PARK,2.00,NONE
374,37.2886623000,127.1073423000,-27.596,-32.364,1,T_PARK,2.00,NONE
375,37.2886635000,127.1073525000,-26.693,-32.231,1,T_PARK,2.00,NONE
376,37.2886620000,127.1073635000,-25.718,-32.398,1,T_PARK,2.00,NONE
377,37.2886607339,127.1073748515,-24.713,-32.539,1,T_PARK,2.00,NONE
378,37.2886580008,127.1073889851,-23.461,-32.843,1,T_PARK,2.00,NONE
379,37.2886551010,127.1074004528,-22.446,-33.166,1,T_PARK,2.00,NONE
380,37.2886517677,127.1074108233,-21.527,-33.537,1,T_PARK,2.00,NONE
381,37.2886484007,127.1074188673,-20.815,-33.912,1,T_PARK,2.00,NONE
382,37.2886462004,127.1074229864,-20.450,-34.157,1,T_PARK,2.00,NONE
383,37.2886430327,127.1074294434,-19.878,-34.509,1,T_PARK,2.00,NONE
384,37.2886391654,127.1074364227,-19.260,-34.940,1,INTERSECTION,2.00,NONE
385,37.2886348665,127.1074426864,-18.705,-35.418,1,INTERSECTION,2.00,NONE
386,37.2886298331,127.1074491233,-18.135,-35.979,1,INTERSECTION,2.00,NONE
387,37.2886244333,127.1074550308,-17.612,-36.580,1,INTERSECTION,2.00,NONE
388,37.2886169999,127.1074610660,-17.077,-37.407,1,INTERSECTION,2.00,NONE
389,37.2886078330,127.1074652880,-16.704,-38.428,1,INTERSECTION,2.00,NONE
390,37.2885984662,127.1074684806,-16.421,-39.470,1,INTERSECTION,2.00,NONE
391,37.2885898663,127.1074685262,-16.417,-40.428,1,INTERSECTION,2.00,NONE
392,37.2885793327,127.1074683939,-16.428,-41.600,1,INTERSECTION,2.00,NONE
393,37.2885693324,127.1074666777,-16.580,-42.714,1,INTERSECTION,2.00,NONE
394,37.2885607991,127.1074636586,-16.848,-43.664,1,INTERSECTION,2.00,NONE
395,37.2885511990,127.1074594204,-17.223,-44.732,1,INTERSECTION,2.00,NONE
396,37.2885421656,127.1074548499,-17.628,-45.738,1,INTERSECTION,2.00,NONE
397,37.2885334324,127.1074504469,-18.018,-46.710,1,INTERSECTION,2.00,NONE
398,37.2885243324,127.1074465822,-18.360,-47.723,1,INTERSECTION,2.00,NONE
399,37.2885162993,127.1074422822,-18.741,-48.617,1,INTERSECTION,2.00,NONE
400,37.2885077661,127.1074372117,-19.190,-49.567,1,INTERSECTION,2.00,NONE
401,37.2884983991,127.1074318411,-19.666,-50.610,1,INTERSECTION,2.00,NONE
402,37.2884919996,127.1074295880,-19.865,-51.322,1,INTERSECTION,2.00,NONE
403,37.2884820327,127.1074248204,-20.288,-52.432,1,INTERSECTION,2.00,NONE
404,37.2884734660,127.1074214910,-20.582,-53.385,1,INTERSECTION,2.00,NONE
405,37.2884665665,127.1074180291,-20.889,-54.153,1,INTERSECTION,2.00,NONE
406,37.2884577998,127.1074128939,-21.344,-55.129,1,INTERSECTION,2.00,NONE
407,37.2884519006,127.1074088997,-21.698,-55.786,1,INTERSECTION,2.00,NONE
408,37.2884435673,127.1074042026,-22.114,-56.714,1,INTERSECTION,2.00,NONE
409,37.2884341338,127.1073994379,-22.536,-57.764,1,INTERSECTION,2.00,NONE
410,37.2884251672,127.1073943026,-22.990,-58.762,1,INTERSECTION,2.00,NONE
411,37.2884167340,127.1073885321,-23.501,-59.701,1,INTERSECTION,2.00,NONE
412,37.2884083338,127.1073825673,-24.030,-60.636,1,INTERSECTION,2.00,NONE
413,37.2884025342,127.1073789259,-24.352,-61.281,1,INTERSECTION,2.00,NONE
414,37.2883918662,127.1073711317,-25.042,-62.469,1,INTERSECTION,2.00,NONE
415,37.2883815648,127.1073574923,-26.250,-63.616,1,INTERSECTION,2.00,NONE
416,37.2883746639,127.1073470408,-27.176,-64.384,1,INTERSECTION,2.00,NONE
417,37.2883682629,127.1073340291,-28.328,-65.097,1,INTERSECTION,2.00,NONE
418,37.2883684634,127.1073228291,-29.320,-65.074,1,INTERSECTION,2.00,NONE
419,37.2883695302,127.1073114615,-30.327,-64.955,1,INTERSECTION,2.00,NONE
420,37.2883705635,127.1073002615,-31.319,-64.840,1,INTERSECTION,2.00,NONE
421,37.2883723635,127.1072889262,-32.323,-64.640,1,INTERSECTION,2.00,NONE
422,37.2883737965,127.1072746382,-33.588,-64.481,1,INTERSECTION,2.00,NONE
423,37.2883769622,127.1072610495,-34.792,-64.128,1,INTERSECTION,2.00,NONE
424,37.2883805291,127.1072476703,-35.977,-63.731,1,INTERSECTION,2.00,NONE
425,37.2883838959,127.1072368055,-36.939,-63.356,1,INTERSECTION,2.00,NONE
426,37.2883881295,127.1072264702,-37.854,-62.885,1,INTERSECTION,2.00,NONE
427,37.2883916963,127.1072154321,-38.832,-62.488,1,INTERSECTION,2.00,NONE
428,37.2883954298,127.1072071408,-39.566,-62.072,1,INTERSECTION,2.00,NONE
429,37.2884004972,127.1071935117,-40.773,-61.508,1,INTERSECTION,2.00,NONE
430,37.2884071319,127.1071786003,-42.094,-60.770,1,INTERSECTION,2.00,NONE
431,37.2884096319,127.1071713003,-42.740,-60.491,1,INTERSECTION,2.00,NONE
432,37.2884123319,127.1071621003,-43.555,-60.191,1,INTERSECTION,2.00,NONE
433,37.2884156319,127.1071525003,-44.405,-59.823,1,INTERSECTION,2.00,NONE
434,37.2884198319,127.1071432003,-45.229,-59.356,1,INTERSECTION,2.00,NONE
435,37.2884242316,127.1071326239,-46.166,-58.866,1,INTERSECTION,2.00,NONE
436,37.2884278977,127.1071253945,-46.806,-58.458,1,INTERSECTION,2.00,NONE
437,37.2884320302,127.1071191298,-47.361,-57.998,1,INTERSECTION,2.00,NONE
438,37.2884381965,127.1071112475,-48.059,-57.312,1,INTERSECTION,2.00,NONE
439,37.2884460965,127.1071086475,-48.289,-56.432,1,INTERSECTION,2.00,NONE
440,37.2884543965,127.1071081475,-48.334,-55.508,1,INTERSECTION,2.00,NONE
441,37.2884629965,127.1071084475,-48.307,-54.551,1,INTERSECTION,2.00,NONE
442,37.2884715298,127.1071131165,-47.894,-53.601,1,INTERSECTION,2.00,NONE
443,37.2884797632,127.1071172605,-47.526,-52.684,1,INTERSECTION,2.00,NONE
444,37.2884883633,127.1071207605,-47.217,-51.727,1,INTERSECTION,2.00,NONE
445,37.2884959631,127.1071255502,-46.792,-50.881,1,INTERSECTION,2.00,NONE
446,37.2885105650,127.1071348822,-45.966,-49.256,1,INTERSECTION,2.00,NONE
447,37.2885240999,127.1071435628,-45.197,-47.749,1,INTERSECTION,2.00,NONE
448,37.2885325334,127.1071477172,-44.829,-46.810,1,INTERSECTION,2.00,NONE
449,37.2885389330,127.1071500798,-44.620,-46.098,1,INTERSECTION,2.00,NONE
450,37.2885464663,127.1071545217,-44.226,-45.259,1,INTERSECTION,2.00,NONE
451,37.2885545996,127.1071583923,-43.884,-44.354,1,INTERSECTION,2.00,NONE
452,37.2885625330,127.1071628819,-43.486,-43.470,1,INTERSECTION,2.00,NONE
453,37.2885700995,127.1071679715,-43.035,-42.628,1,INTERSECTION,2.00,NONE
454,37.2885774993,127.1071724686,-42.637,-41.804,1,INTERSECTION,2.00,NONE
455,37.2885868662,127.1071772039,-42.218,-40.762,1,INTERSECTION,2.00,NONE
456,37.2885933658,127.1071804010,-41.934,-40.038,1,INTERSECTION,2.00,NONE
457,37.2886008323,127.1071839657,-41.619,-39.207,1,INTERSECTION,2.00,NONE
458,37.2886094661,127.1071883334,-41.232,-38.246,1,INTERSECTION,2.00,NONE
459,37.2886160330,127.1071912113,-40.977,-37.515,1,INTERSECTION,2.00,NONE
460,37.2886193998,127.1071926538,-40.849,-37.140,1,INTERSECTION,2.00,NONE
461,37.2886220329,127.1071940395,-40.727,-36.847,1,INTERSECTION,2.00,NONE
462,37.2886272994,127.1071963689,-40.520,-36.261,1,INTERSECTION,2.00,NONE
463,37.2886335328,127.1072005233,-40.152,-35.567,1,INTERSECTION,2.00,NONE
464,37.2886386661,127.1072034748,-39.891,-34.995,1,INTERSECTION,2.00,NONE
465,37.2886497165,127.1072101496,-39.300,-33.765,1,INTERSECTION,2.00,STOP_LINE
466,37.2886531548,127.1072122487,-39.114,-33.383,1,INTERSECTION,2.00,NONE
467,37.2886573823,127.1072148694,-38.882,-32.912,1,INTERSECTION,2.00,NONE
468,37.2886616384,127.1072172414,-38.672,-32.438,1,INTERSECTION,2.00,NONE
469,37.2886658821,127.1072198379,-38.442,-31.966,1,INTERSECTION,2.00,NONE
470,37.2886707339,127.1072219029,-38.259,-31.426,1,INTERSECTION,2.00,NONE
471,37.2886762669,127.1072232382,-38.141,-30.810,1,INTERSECTION,2.00,NONE
472,37.2886830334,127.1072238000,-38.091,-30.056,1,INTERSECTION,2.00,NONE
473,37.2886908000,127.1072248000,-38.002,-29.192,1,INTERSECTION,2.00,NONE
474,37.2886991000,127.1072240000,-38.073,-28.268,1,INTERSECTION,2.00,NONE
475,37.2887076000,127.1072225000,-38.206,-27.322,1,INTERSECTION,2.00,NONE
476,37.2887161000,127.1072200000,-38.427,-26.375,1,INTERSECTION,2.00,NONE
477,37.2887242000,127.1072160000,-38.782,-25.474,1,INTERSECTION,2.00,NONE
478,37.2887313000,127.1072099000,-39.322,-24.683,1,INTERSECTION,2.00,NONE
479,37.2887386670,127.1072034117,-39.897,-23.863,1,INTERSECTION,2.00,NONE
480,37.2887456007,127.1071931764,-40.803,-23.091,1,INTERSECTION,2.00,NONE
481,37.2887526349,127.1071823764,-41.760,-22.308,1,INTERSECTION,2.00,NONE
482,37.2887566349,127.1071713764,-42.734,-21.863,1,INTERSECTION,2.00,NONE
483,37.2887597679,127.1071600058,-43.741,-21.514,1,INTERSECTION,2.00,NONE
484,37.2887641679,127.1071492058,-44.697,-21.025,1,INTERSECTION,2.00,NONE
485,37.2887680679,127.1071382058,-45.671,-20.590,1,INTERSECTION,2.00,NONE
486,37.2887714679,127.1071271058,-46.655,-20.212,1,INTERSECTION,2.00,NONE
487,37.2887743679,127.1071153058,-47.700,-19.889,1,INTERSECTION,2.00,NONE
488,37.2887775679,127.1071035058,-48.745,-19.533,1,INTERSECTION,2.00,NONE
489,37.2887810680,127.1070919220,-49.771,-19.143,1,INTERSECTION,2.00,NONE
490,37.2887850349,127.1070809764,-50.740,-18.702,1,INTERSECTION,2.00,NONE
491,37.2887889349,127.1070695764,-51.750,-18.268,1,INTERSECTION,2.00,NONE
492,37.2887926349,127.1070584764,-52.733,-17.856,1,INTERSECTION,2.00,NONE
493,37.2887960349,127.1070477764,-53.680,-17.477,1,INTERSECTION,2.00,NONE
494,37.2887993349,127.1070369764,-54.637,-17.110,1,INTERSECTION,2.00,NONE
495,37.2888027349,127.1070269764,-55.522,-16.731,1,INTERSECTION,2.00,NONE
496,37.2888062349,127.1070171764,-56.390,-16.342,1,INTERSECTION,2.00,NONE
497,37.2888095681,127.1070057706,-57.401,-15.971,1,INTERSECTION,2.00,NONE
498,37.2888134681,127.1069948705,-58.366,-15.537,1,INTERSECTION,2.00,NONE
499,37.2888173681,127.1069838705,-59.340,-15.102,1,INTERSECTION,2.00,NONE
500,37.2888212681,127.1069731706,-60.288,-14.668,1,INTERSECTION,2.00,NONE
501,37.2888251681,127.1069623705,-61.244,-14.234,1,INTERSECTION,2.00,NONE
502,37.2888288681,127.1069512705,-62.227,-13.822,1,INTERSECTION,2.00,NONE
503,37.2888318681,127.1069400705,-63.219,-13.488,1,INTERSECTION,2.00,NONE
504,37.2888350681,127.1069296411,-64.143,-13.132,1,INTERSECTION,2.00,NONE
505,37.2888385681,127.1069190411,-65.082,-12.742,1,INTERSECTION,2.00,NONE
506,37.2888424681,127.1069083411,-66.029,-12.308,1,INTERSECTION,2.00,NONE
507,37.2888463681,127.1068976411,-66.977,-11.874,1,INTERSECTION,2.00,NONE
508,37.2888497681,127.1068866411,-67.951,-11.496,1,INTERSECTION,2.00,NONE
509,37.2888528681,127.1068757411,-68.917,-11.151,1,INTERSECTION,2.00,NONE
510,37.2888560681,127.1068647411,-69.891,-10.794,1,INTERSECTION,2.00,NONE
511,37.2888593681,127.1068537411,-70.865,-10.427,1,INTERSECTION,2.00,NONE
512,37.2888626681,127.1068424411,-71.866,-10.060,1,INTERSECTION,2.00,NONE
513,37.2888660681,127.1068311411,-72.867,-9.681,1,INTERSECTION,2.00,NONE
514,37.2888691681,127.1068203411,-73.823,-9.336,1,INTERSECTION,2.00,NONE
515,37.2888720681,127.1068089411,-74.833,-9.013,1,INTERSECTION,2.00,NONE
516,37.2888748681,127.1067977411,-75.825,-8.702,1,INTERSECTION,2.00,NONE
517,37.2888785683,127.1067862706,-76.841,-8.290,1,INTERSECTION,2.00,NONE
518,37.2888810351,127.1067742000,-77.910,-8.015,1,INTERSECTION,2.00,NONE
519,37.2888825351,127.1067632000,-78.884,-7.848,1,INTERSECTION,2.00,NONE
520,37.2888810346,127.1067501883,-80.036,-8.015,1,INTERSECTION,2.00,NONE
521,37.2888786679,127.1067393825,-80.993,-8.279,1,INTERSECTION,2.00,NONE
522,37.2888748011,127.1067293061,-81.886,-8.709,1,INTERSECTION,2.00,NONE
523,37.2888688339,127.1067207414,-82.644,-9.373,1,INTERSECTION,2.00,NONE
524,37.2888627670,127.1067132472,-83.308,-10.049,1,INTERSECTION,2.00,NONE
525,37.2888559667,127.1067058531,-83.963,-10.806,1,INTERSECTION,2.00,NONE
526,37.2888491667,127.1066982531,-84.636,-11.563,1,INTERSECTION,2.00,NONE
527,37.2888420667,127.1066914531,-85.238,-12.353,1,INTERSECTION,2.00,NONE
528,37.2888354667,127.1066865647,-85.671,-13.088,1,INTERSECTION,2.00,NONE
529,37.2888283000,127.1066803000,-86.226,-13.885,1,INTERSECTION,2.00,NONE
530,37.2888205000,127.1066752000,-86.677,-14.754,1,INTERSECTION,2.00,NONE
531,37.2888119000,127.1066704000,-87.103,-15.711,1,INTERSECTION,2.00,NONE
532,37.2888036000,127.1066651000,-87.572,-16.635,1,INTERSECTION,2.00,NONE
533,37.2887955000,127.1066596000,-88.059,-17.537,1,INTERSECTION,2.00,NONE
534,37.2887874000,127.1066542000,-88.537,-18.438,1,INTERSECTION,2.00,NONE
535,37.2887790000,127.1066497000,-88.936,-19.373,1,INTERSECTION,2.00,NONE
536,37.2887708335,127.1066450589,-89.347,-20.283,1,INTERSECTION,2.00,NONE
537,37.2887622667,127.1066403178,-89.767,-21.236,1,INTERSECTION,2.00,NONE
538,37.2887550670,127.1066356825,-90.177,-22.038,1,INTERSECTION,2.00,NONE
539,37.2887462334,127.1066316825,-90.532,-23.021,1,INTERSECTION,2.00,NONE
540,37.2887382333,127.1066270738,-90.940,-23.912,1,INTERSECTION,2.00,NONE
541,37.2887313008,127.1066237356,-91.235,-24.683,1,INTERSECTION,2.00,NONE
542,37.2887221672,127.1066184210,-91.706,-25.700,1,NORMAL,2.00,NONE
543,37.2887138999,127.1066134388,-92.147,-26.620,1,NORMAL,2.00,NONE
544,37.2887075330,127.1066096301,-92.485,-27.329,1,NORMAL,2.00,NONE
545,37.2887011998,127.1066071682,-92.703,-28.034,1,NORMAL,2.00,NONE
546,37.2886944667,127.1066037359,-93.007,-28.784,1,NORMAL,2.00,NONE
547,37.2886866001,127.1065996682,-93.367,-29.659,1,NORMAL,2.00,NONE
548,37.2886813008,127.1065970770,-93.596,-30.249,1,NORMAL,2.00,NONE
549,37.2886712669,127.1065911006,-94.126,-31.366,1,NORMAL,2.00,NONE
550,37.2886624333,127.1065864624,-94.536,-32.350,1,NORMAL,2.00,NONE
551,37.2886571669,127.1065831272,-94.832,-32.936,1,NORMAL,2.00,NONE
552,37.2886535338,127.1065812624,-94.997,-33.340,1,NORMAL,2.00,NONE
553,37.2886478669,127.1065794330,-95.159,-33.971,1,ACCEL,2.00,NONE
554,37.2886382329,127.1065750272,-95.549,-35.044,1,ACCEL,2.00,NONE
555,37.2886309665,127.1065722653,-95.794,-35.853,1,ACCEL,2.00,NONE
556,37.2886226333,127.1065699301,-96.001,-36.780,1,ACCEL,2.00,NONE
557,37.2886154005,127.1065689271,-96.089,-37.585,1,ACCEL,2.00,NONE
558,37.2886049999,127.1065683889,-96.137,-38.743,1,ACCEL,2.00,NONE
559,37.2885927655,127.1065703919,-95.960,-40.105,1,ACCEL,2.00,NONE
560,37.2885843986,127.1065784181,-95.249,-41.036,1,ACCEL,2.00,NONE
561,37.2885773654,127.1065869327,-94.495,-41.819,1,ACCEL,2.00,NONE
562,37.2885708987,127.1065960414,-93.688,-42.539,1,ACCEL,2.00,NONE
563,37.2885652988,127.1066066854,-92.745,-43.163,1,ACCEL,2.00,NONE
564,37.2885601656,127.1066181971,-91.726,-43.734,1,ACCEL,2.00,NONE
565,37.2885564659,127.1066274265,-90.908,-44.146,1,ACCEL,2.00,NONE
566,37.2885522660,127.1066375265,-90.014,-44.613,1,ACCEL,2.00,NONE
567,37.2885472323,127.1066480589,-89.081,-45.174,1,ACCEL,2.00,NONE
568,37.2885436323,127.1066589589,-88.116,-45.575,1,ACCEL,2.00,NONE
569,37.2885405323,127.1066693589,-87.195,-45.920,1,ACCEL,2.00,NONE
570,37.2885375323,127.1066795589,-86.291,-46.254,1,ACCEL,2.00,NONE
571,37.2885342323,127.1066904589,-85.326,-46.621,1,ACCEL,2.00,NONE
572,37.2885310323,127.1067012589,-84.370,-46.977,1,ACCEL,2.00,NONE
573,37.2885281323,127.1067125589,-83.369,-47.300,1,ACCEL,2.00,NONE
574,37.2885245323,127.1067240589,-82.350,-47.701,1,ACCEL,2.00,NONE
575,37.2885205323,127.1067349589,-81.385,-48.146,1,ACCEL,2.00,NONE
576,37.2885168323,127.1067460589,-80.402,-48.558,1,ACCEL,2.00,NONE
577,37.2885132323,127.1067574589,-79.392,-48.959,1,ACCEL,2.00,NONE
578,37.2885096323,127.1067688589,-78.383,-49.359,1,ACCEL,2.00,NONE
579,37.2885056323,127.1067801589,-77.382,-49.805,1,ACCEL,2.00,NONE
580,37.2885017323,127.1067911589,-76.408,-50.239,1,ACCEL,2.00,NONE
581,37.2884981323,127.1068017589,-75.469,-50.640,1,ACCEL,2.00,NONE
582,37.2884944323,127.1068126589,-74.503,-51.051,1,ACCEL,2.00,NONE
583,37.2884907323,127.1068241589,-73.485,-51.463,1,ACCEL,2.00,NONE
584,37.2884873323,127.1068356589,-72.466,-51.842,1,ACCEL,2.00,NONE
585,37.2884841323,127.1068466589,-71.492,-52.198,1,ACCEL,2.00,NONE
586,37.2884815323,127.1068575589,-70.527,-52.487,1,ACCEL,2.00,NONE
587,37.2884782323,127.1068681589,-69.588,-52.855,1,ACCEL,2.00,NONE
588,37.2884745323,127.1068786589,-68.658,-53.267,1,ACCEL,2.00,NONE
589,37.2884708323,127.1068894589,-67.702,-53.679,1,ACCEL,2.00,NONE
590,37.2884672323,127.1069006589,-66.710,-54.079,1,ACCEL,2.00,NONE
591,37.2884638323,127.1069116589,-65.736,-54.458,1,ACCEL,2.00,NONE
592,37.2884601323,127.1069227589,-64.752,-54.870,1,ACCEL,2.00,NONE
593,37.2884565323,127.1069336589,-63.787,-55.270,1,ACCEL,2.00,NONE
594,37.2884522323,127.1069449589,-62.786,-55.749,1,ACCEL,2.00,NONE
595,37.2884482323,127.1069575589,-61.670,-56.194,1,ACCEL,2.00,NONE
596,37.2884420984,127.1069723971,-60.356,-56.877,1,ACCEL,2.00,NONE
597,37.2884378984,127.1069863971,-59.116,-57.345,1,ACCEL,2.00,NONE
598,37.2884331984,127.1069995971,-57.947,-57.868,1,ACCEL,2.00,NONE
599,37.2884293984,127.1070130971,-56.752,-58.291,1,ACCEL,2.00,NONE
600,37.2884256984,127.1070272971,-55.494,-58.703,1,ACCEL,2.00,NONE
601,37.2884214984,127.1070414971,-54.236,-59.170,1,ACCEL,2.00,NONE
602,37.2884170984,127.1070548971,-53.050,-59.660,1,ACCEL,2.00,NONE
603,37.2884122984,127.1070680971,-51.881,-60.195,1,ACCEL,2.00,NONE
604,37.2884075984,127.1070815971,-50.685,-60.718,1,ACCEL,2.00,NONE
605,37.2884033984,127.1070949971,-49.498,-61.185,1,ACCEL,2.00,NONE
606,37.2883983315,127.1071095735,-48.207,-61.749,1,ACCEL,2.00,NONE
607,37.2883946317,127.1071217029,-47.133,-62.161,1,ACCEL,2.00,NONE
608,37.2883905651,127.1071353058,-45.928,-62.614,1,ACCEL,2.00,NONE
609,37.2883862649,127.1071475647,-44.843,-63.093,1,ACCEL,2.00,NONE
610,37.2883809310,127.1071621058,-43.555,-63.686,1,ACCEL,2.00,NONE
611,37.2883761308,127.1071761793,-42.308,-64.221,1,ACCEL,2.00,NONE
612,37.2883723309,127.1071879735,-41.264,-64.644,1,ACCEL,2.00,NONE
613,37.2883686979,127.1071995353,-40.240,-65.048,1,ACCEL,2.00,NONE
614,37.2883646980,127.1072121058,-39.127,-65.493,1,ACCEL,2.00,NONE
615,37.2883621317,127.1072232353,-38.141,-65.779,1,ACCEL,2.00,NONE
616,37.2883585652,127.1072363735,-36.977,-66.176,1,ACCEL,2.00,NONE
617,37.2883551320,127.1072479676,-35.950,-66.558,1,ACCEL,2.00,NONE
618,37.2883512986,127.1072612705,-34.772,-66.985,1,ACCEL,2.00,NONE
619,37.2883473986,127.1072748058,-33.574,-67.419,1,ACCEL,2.00,NONE
620,37.2883435321,127.1072865324,-32.535,-67.850,1,ACCEL,2.00,NONE
621,37.2883392653,127.1073000029,-31.342,-68.325,1,ACCEL,2.00,NONE
622,37.2883358987,127.1073131029,-30.182,-68.699,1,ACCEL,2.00,NONE
623,37.2883335321,127.1073274440,-28.912,-68.963,1,ACCEL,2.00,NONE
624,37.2883344993,127.1073427233,-27.558,-68.855,1,ACCEL,2.00,NONE
625,37.2883359663,127.1073564586,-26.342,-68.692,1,ACCEL,2.00,NONE
626,37.2883393333,127.1073663411,-25.467,-68.317,1,ACCEL,2.00,NONE
627,37.2883439000,127.1073768000,-24.540,-67.809,1,ACCEL,2.00,NONE
628,37.2883500000,127.1073867000,-23.664,-67.130,1,ACCEL,2.00,NONE
629,37.2883574000,127.1073957000,-22.867,-66.306,1,ACCEL,2.00,NONE
630,37.2883656000,127.1074038000,-22.149,-65.393,1,ACCEL,2.00,NONE
631,37.2883744000,127.1074105000,-21.556,-64.413,1,ACCEL,2.00,NONE
632,37.2883834000,127.1074165000,-21.024,-63.411,1,ACCEL,2.00,NONE
633,37.2883926000,127.1074213000,-20.599,-62.387,1,ACCEL,2.00,NONE
634,37.2884021000,127.1074258000,-20.201,-61.330,1,ACCEL,2.00,NONE
635,37.2884114000,127.1074308000,-19.758,-60.295,1,ACCEL,2.00,NONE
636,37.2884208000,127.1074360000,-19.297,-59.248,1,ACCEL,2.00,NONE
637,37.2884302000,127.1074409000,-18.863,-58.202,1,ACCEL,2.00,NONE
638,37.2884395000,127.1074456000,-18.447,-57.166,1,ACCEL,2.00,NONE
639,37.2884489000,127.1074500000,-18.058,-56.120,1,ACCEL,2.00,NONE
640,37.2884585000,127.1074542000,-17.686,-55.051,1,ACCEL,2.00,NONE
641,37.2884679000,127.1074589000,-17.269,-54.005,1,ACCEL,2.00,NONE
642,37.2884769000,127.1074639000,-16.826,-53.003,1,ACCEL,2.00,NONE
643,37.2884860000,127.1074690058,-16.374,-51.990,1,ACCEL,2.00,NONE
644,37.2884949667,127.1074739117,-15.940,-50.992,1,ACCEL,2.00,NONE
645,37.2885032000,127.1074786175,-15.523,-50.075,1,ACCEL,2.00,NONE
646,37.2885114000,127.1074834233,-15.097,-49.163,1,ACCEL,2.00,NONE
647,37.2885196667,127.1074873880,-14.746,-48.242,1,ACCEL,2.00,NONE
648,37.2885272665,127.1074916528,-14.369,-47.396,1,ACCEL,2.00,NONE
649,37.2885361335,127.1074960880,-13.976,-46.409,1,ACCEL,2.00,NONE
650,37.2885435670,127.1074997586,-13.651,-45.582,1,ACCEL,2.00,NONE
651,37.2885521674,127.1075041291,-13.264,-44.624,1,ACCEL,2.00,NONE
652,37.2885561000,127.1075060528,-13.093,-44.187,1,ACCEL,2.00,NONE
653,37.2885596334,127.1075077528,-12.943,-43.793,1,ACCEL,2.00,NONE
654,37.2885650001,127.1075107570,-12.677,-43.196,1,ACCEL,2.00,NONE
655,37.2885698004,127.1075128275,-12.493,-42.661,1,PARALLEL_PARK,2.00,NONE
656,37.2885731663,127.1075143673,-12.357,-42.287,1,PARALLEL_PARK,2.00,NONE
657,37.2885792328,127.1075169233,-12.130,-41.611,1,PARALLEL_PARK,2.00,NONE
658,37.2885864997,127.1075206880,-11.797,-40.803,1,PARALLEL_PARK,2.00,NONE
659,37.2885933663,127.1075237204,-11.528,-40.038,1,PARALLEL_PARK,2.00,NONE
660,37.2886013664,127.1075273557,-11.207,-39.148,1,PARALLEL_PARK,2.00,NONE
661,37.2886082997,127.1075313910,-10.849,-38.376,1,PARALLEL_PARK,2.00,NONE
662,37.2886158331,127.1075351557,-10.516,-37.537,1,PARALLEL_PARK,2.00,NONE
663,37.2886232998,127.1075391204,-10.165,-36.706,1,PARALLEL_PARK,2.00,NONE
664,37.2886310665,127.1075421146,-9.899,-35.841,1,PARALLEL_PARK,2.00,NONE
665,37.2886391000,127.1075422000,-9.892,-34.947,1,PARALLEL_PARK,2.00,NONE
666,37.2886469000,127.1075412000,-9.980,-34.079,1,PARALLEL_PARK,2.00,NONE
667,37.2886532000,127.1075366000,-10.388,-33.377,1,PARALLEL_PARK,2.00,NONE
668,37.2886578000,127.1075297000,-10.999,-32.865,1,PARALLEL_PARK,2.00,NONE
669,37.2886623000,127.1075213000,-11.743,-32.364,1,PARALLEL_PARK,2.00,NONE
670,37.2886671000,127.1075124000,-12.531,-31.830,1,PARALLEL_PARK,2.00,NONE
671,37.2886717000,127.1075030000,-13.364,-31.318,1,PARALLEL_PARK,2.00,NONE
672,37.2886740164,127.1074973602,-13.863,-31.060,1,PARALLEL_PARK,2.00,NONE
673,37.2886749000,127.1074953000,-14.046,-30.962,1,PARALLEL_PARK,2.00,NONE
674,37.2886733168,127.1075010239,-13.539,-31.138,1,PARALLEL_PARK,2.00,NONE
675,37.2886736834,127.1075090467,-12.828,-31.097,1,PARALLEL_PARK,2.00,NONE
676,37.2886763834,127.1075179162,-12.043,-30.797,1,PARALLEL_PARK,2.00,NONE
677,37.2886809666,127.1075253963,-11.380,-30.287,1,PARALLEL_PARK,2.00,NONE
678,37.2886854998,127.1075331411,-10.694,-29.782,1,PARALLEL_PARK,2.00,NONE
679,37.2886899000,127.1075402000,-10.069,-29.292,1,PARALLEL_PARK,2.00,NONE
680,37.2886919000,127.1075488000,-9.307,-29.069,1,PARALLEL_PARK,2.00,NONE
681,37.2886911000,127.1075557000,-8.696,-29.158,1,PARALLEL_PARK,2.00,NONE
682,37.2886906000,127.1075575000,-8.537,-29.214,1,PARALLEL_PARK,2.00,NONE
683,37.2886909000,127.1075559000,-8.679,-29.181,1,PARALLEL_PARK,2.00,NONE
684,37.2886913000,127.1075508000,-9.130,-29.136,1,PARALLEL_PARK,2.00,NONE
685,37.2886893000,127.1075416000,-9.945,-29.359,1,PARALLEL_PARK,2.00,NONE
686,37.2886846000,127.1075330000,-10.707,-29.882,1,PARALLEL_PARK,2.00,NONE
687,37.2886795000,127.1075244000,-11.468,-30.450,1,PARALLEL_PARK,2.00,NONE
688,37.2886757335,127.1075145324,-12.342,-30.869,1,PARALLEL_PARK,2.00,NONE
689,37.2886737000,127.1075035000,-13.319,-31.095,1,PARALLEL_PARK,2.00,NONE
690,37.2886738000,127.1074908000,-14.444,-31.084,1,PARALLEL_PARK,2.00,NONE
691,37.2886752000,127.1074781000,-15.569,-30.928,1,PARALLEL_PARK,2.00,NONE
692,37.2886775000,127.1074660000,-16.640,-30.672,1,PARALLEL_PARK,2.00,NONE
693,37.2886798000,127.1074543000,-17.677,-30.416,1,PARALLEL_PARK,2.00,NONE
694,37.2886836337,127.1074433411,-18.647,-29.990,1,PARALLEL_PARK,2.00,NONE
695,37.2886873007,127.1074304705,-19.787,-29.581,1,PARALLEL_PARK,2.00,NONE
696,37.2886908008,127.1074187764,-20.823,-29.192,1,PARALLEL_PARK,2.00,NONE
697,37.2886940008,127.1074069764,-21.868,-28.836,1,PARALLEL_PARK,2.00,NONE
698,37.2886969008,127.1073954764,-22.886,-28.513,1,PARALLEL_PARK,2.00,NONE
699,37.2887001008,127.1073848764,-23.825,-28.157,1,PARALLEL_PARK,2.00,NONE
700,37.2887044008,127.1073734764,-24.835,-27.678,1,PARALLEL_PARK,2.00,NONE
701,37.2887085008,127.1073618764,-25.862,-27.221,1,PARALLEL_PARK,2.00,NONE
702,37.2887105669,127.1073538615,-26.572,-26.991,1,PARALLEL_PARK,2.00,NONE
703,37.2887122666,127.1073448087,-27.374,-26.802,1,PARALLEL_PARK,2.00,NONE
704,37.2887153341,127.1073372294,-28.045,-26.461,1,NORMAL,2.00,NONE
705,37.2887175009,127.1073297929,-28.704,-26.220,1,NORMAL,2.00,NONE
706,37.2887203011,127.1073230502,-29.301,-25.908,1,NORMAL,2.00,NONE
707,37.2887234681,127.1073133854,-30.157,-25.555,1,NORMAL,2.00,NONE
708,37.2887272020,127.1073036676,-31.017,-25.140,1,NORMAL,2.00,STOP_LINE
709,37.2887320354,127.1072925382,-32.003,-24.602,1,NORMAL,2.00,NONE
710,37.2887361681,127.1072828324,-32.863,-24.142,1,NORMAL,2.00,NONE
711,37.2887414670,127.1072746502,-33.587,-23.552,1,NORMAL,2.00,NONE
712,37.2887492665,127.1072692061,-34.069,-22.683,1,NORMAL,2.00,NONE
713,37.2887590002,127.1072675210,-34.219,-21.600,1,NORMAL,2.00,NONE
714,37.2887683337,127.1072716916,-33.849,-20.561,1,NORMAL,2.00,NONE
715,37.2887792344,127.1072762239,-33.448,-19.347,1,NORMAL,2.00,NONE
716,37.2887881344,127.1072803210,-33.085,-18.357,1,NORMAL,2.00,NONE
717,37.2887961673,127.1072858679,-32.594,-17.462,1,NORMAL,2.00,NONE
718,37.2888059341,127.1072915443,-32.091,-16.375,1,NORMAL,2.00,NONE
719,37.2888148339,127.1072970178,-31.606,-15.384,1,NORMAL,2.00,NONE
720,37.2888230338,127.1073032560,-31.054,-14.472,1,NORMAL,2.00,NONE
721,37.2888311677,127.1073114531,-30.328,-13.566,1,NORMAL,2.00,NONE
722,37.2888372347,127.1073225589,-29.344,-12.891,1,NORMAL,2.00,NONE
723,37.2888415022,127.1073344265,-28.293,-12.416,1,NORMAL,2.00,NONE
724,37.2888412691,127.1073471971,-27.162,-12.442,1,NORMAL,2.00,NONE
725,37.2888403030,127.1073588809,-26.127,-12.549,1,NORMAL,2.00,NONE
726,37.2888382700,127.1073704971,-25.099,-12.776,1,NORMAL,2.00,NONE
727,37.2888364031,127.1073837265,-23.927,-12.983,1,NORMAL,2.00,NONE
728,37.2888331026,127.1073975618,-22.702,-13.351,1,NORMAL,2.00,STOP_LINE
729,37.2888300691,127.1074096265,-21.633,-13.689,1,NORMAL,2.00,NONE
730,37.2888249351,127.1074235029,-20.404,-14.260,1,NORMAL,2.00,NONE
731,37.2888204013,127.1074371440,-19.196,-14.765,1,NORMAL,2.00,NONE
732,37.2888165678,127.1074489735,-18.148,-15.191,1,NORMAL,2.00,NONE
733,37.2888125678,127.1074612735,-17.059,-15.637,1,NORMAL,2.00,NONE
734,37.2888084346,127.1074749175,-15.851,-16.097,1,NORMAL,2.00,NONE
735,37.2888048016,127.1074870557,-14.776,-16.501,1,NORMAL,2.00,NONE
736,37.2888005683,127.1074998997,-13.638,-16.973,1,NORMAL,2.00,NONE
737,37.2887971352,127.1075122379,-12.545,-17.355,1,NORMAL,2.00,NONE
738,37.2887930682,127.1075242379,-11.483,-17.807,1,NORMAL,2.00,NONE
739,37.2887884677,127.1075382114,-10.245,-18.320,1,NORMAL,2.00,NONE
740,37.2887850006,127.1075492673,-9.266,-18.706,1,NORMAL,2.00,NONE
741,37.2887814668,127.1075602586,-8.292,-19.099,1,NORMAL,2.00,NONE
742,37.2887781665,127.1075714175,-7.304,-19.466,1,NORMAL,2.00,NONE
743,37.2887748330,127.1075806000,-6.491,-19.837,1,NORMAL,2.00,NONE
744,37.2887715330,127.1075930000,-5.393,-20.205,1,NORMAL,2.00,NONE
745,37.2887672330,127.1076053000,-4.303,-20.683,1,NORMAL,2.00,NONE
746,37.2887625330,127.1076172000,-3.249,-21.207,1,NORMAL,2.00,NONE
747,37.2887582330,127.1076282000,-2.275,-21.685,1,NORMAL,2.00,NONE
748,37.2887562666,127.1076339353,-1.767,-21.904,1,NORMAL,2.00,NONE
