index,latitude,longitude,x_m,y_m,direction,mode,drive_level
0,35.5448871667,129.2552301667,0.000,0.000,1,INTERSECTION,2.00
1,35.5448854865,129.2552314898,0.120,-0.187,1,INTERSECTION,2.00
2,35.5448836000,129.2552327484,0.234,-0.397,1,INTERSECTION,2.00
3,35.5448826658,129.2552335212,0.304,-0.501,1,INTERSECTION,2.00
4,35.5448815159,129.2552343824,0.382,-0.629,1,INTERSECTION,2.00
5,35.5448799888,129.2552360605,0.534,-0.799,1,INTERSECTION,2.00
6,35.5448792522,129.2552368775,0.608,-0.881,1,INTERSECTION,2.00
7,35.5448786054,129.2552376282,0.676,-0.953,1,INTERSECTION,2.00
8,35.5448779047,129.2552386660,0.770,-1.031,1,INTERSECTION,2.00
9,35.5448767908,129.2552399246,0.884,-1.155,1,INTERSECTION,2.00
10,35.5448760362,129.2552411170,0.992,-1.239,1,INTERSECTION,2.00
11,35.5448751918,129.2552427510,1.140,-1.333,1,INTERSECTION,2.00
12,35.5448739701,129.2552443629,1.286,-1.469,1,INTERSECTION,2.00
13,35.5448726667,129.2552460000,1.434,-1.614,1,INTERSECTION,2.00
14,35.5448710000,129.2552471667,1.540,-1.800,1,INTERSECTION,2.00
15,35.5448698333,129.2552480000,1.615,-1.930,1,INTERSECTION,2.00
16,35.5448681667,129.2552490000,1.706,-2.115,1,INTERSECTION,2.00
17,35.5448666667,129.2552495000,1.751,-2.282,1,INTERSECTION,2.00
18,35.5448650000,129.2552503333,1.827,-2.468,1,INTERSECTION,2.00
19,35.5448631667,129.2552515000,1.932,-2.672,1,INTERSECTION,2.00
20,35.5448620000,129.2552523333,2.008,-2.802,1,INTERSECTION,2.00
21,35.5448603333,129.2552531667,2.083,-2.987,1,INTERSECTION,2.00
22,35.5448590000,129.2552538333,2.144,-3.136,1,INTERSECTION,2.00
23,35.5448571667,129.2552543333,2.189,-3.340,1,INTERSECTION,2.00
24,35.5448558333,129.2552550000,2.249,-3.488,1,INTERSECTION,2.00
25,35.5448540000,129.2552558333,2.325,-3.692,1,INTERSECTION,2.00
26,35.5448526667,129.2552565000,2.385,-3.841,1,INTERSECTION,2.00
27,35.5448513333,129.2552570000,2.430,-3.989,1,INTERSECTION,2.00
28,35.5448495000,129.2552576667,2.491,-4.193,1,INTERSECTION,2.00
29,35.5448481667,129.2552583333,2.551,-4.341,1,INTERSECTION,2.00
30,35.5448468333,129.2552590000,2.612,-4.490,1,INTERSECTION,2.00
31,35.5448456667,129.2552598333,2.687,-4.620,1,INTERSECTION,2.00
32,35.5448441667,129.2552603333,2.732,-4.787,1,INTERSECTION,2.00
33,35.5448428333,129.2552606667,2.763,-4.935,1,INTERSECTION,2.00
34,35.5448411667,129.2552613333,2.823,-5.121,1,INTERSECTION,2.00
35,35.5448400000,129.2552621667,2.898,-5.251,1,INTERSECTION,2.00
36,35.5448386667,129.2552630000,2.974,-5.399,1,INTERSECTION,2.00
37,35.5448368333,129.2552641667,3.080,-5.603,1,INTERSECTION,2.00
38,35.5448348333,129.2552646667,3.125,-5.826,1,INTERSECTION,2.00
39,35.5448330000,129.2552653333,3.185,-6.030,1,INTERSECTION,2.00
40,35.5448316667,129.2552661667,3.261,-6.178,1,INTERSECTION,2.00
41,35.5448303333,129.2552668333,3.321,-6.327,1,INTERSECTION,2.00
42,35.5448285000,129.2552673333,3.366,-6.531,1,INTERSECTION,2.00
43,35.5448270000,129.2552678333,3.412,-6.698,1,INTERSECTION,2.00
44,35.5448256667,129.2552681667,3.442,-6.846,1,INTERSECTION,2.00
45,35.5448240000,129.2552690000,3.517,-7.032,1,INTERSECTION,2.00
46,35.5448221667,129.2552693333,3.548,-7.236,1,INTERSECTION,2.00
47,35.5448208333,129.2552696667,3.578,-7.384,1,INTERSECTION,2.00
48,35.5448191667,129.2552698333,3.593,-7.570,1,INTERSECTION,2.00
49,35.5448171667,129.2552700000,3.608,-7.792,1,INTERSECTION,2.00
50,35.5448158333,129.2552705000,3.653,-7.941,1,INTERSECTION,2.00
51,35.5448140000,129.2552708333,3.683,-8.145,1,INTERSECTION,2.00
52,35.5448126667,129.2552711667,3.714,-8.293,1,INTERSECTION,2.00
53,35.5448108333,129.2552713333,3.729,-8.497,1,INTERSECTION,2.00
54,35.5448086667,129.2552713333,3.729,-8.739,1,INTERSECTION,2.00
55,35.5448073333,129.2552716667,3.759,-8.887,1,INTERSECTION,2.00
56,35.5448056667,129.2552716667,3.759,-9.073,1,INTERSECTION,2.00
57,35.5448038333,129.2552711667,3.714,-9.277,1,INTERSECTION,2.00
58,35.5448021667,129.2552711667,3.714,-9.462,1,INTERSECTION,2.00
59,35.5448001667,129.2552711667,3.714,-9.685,1,INTERSECTION,2.00
60,35.5447983333,129.2552710000,3.699,-9.889,1,INTERSECTION,2.00
61,35.5447963333,129.2552705000,3.653,-10.112,1,INTERSECTION,2.00
62,35.5447945000,129.2552701667,3.623,-10.316,1,INTERSECTION,2.00
63,35.5447928333,129.2552696667,3.578,-10.501,1,INTERSECTION,2.00
64,35.5447910000,129.2552695000,3.563,-10.705,1,INTERSECTION,2.00
65,35.5447891667,129.2552686667,3.487,-10.909,1,INTERSECTION,2.00
66,35.5447876667,129.2552680000,3.427,-11.076,1,INTERSECTION,2.00
67,35.5447858333,129.2552676667,3.397,-11.280,1,INTERSECTION,2.00
68,35.5447845000,129.2552673333,3.366,-11.429,1,INTERSECTION,2.00
69,35.5447830000,129.2552665000,3.291,-11.596,1,INTERSECTION,2.00
70,35.5447813333,129.2552656667,3.215,-11.781,1,INTERSECTION,2.00
71,35.5447796667,129.2552648333,3.140,-11.967,1,INTERSECTION,2.00
72,35.5447778333,129.2552638333,3.049,-12.171,1,INTERSECTION,2.00
73,35.5447763333,129.2552628333,2.959,-12.338,1,INTERSECTION,2.00
74,35.5447753333,129.2552616667,2.853,-12.449,1,INTERSECTION,2.00
75,35.5447738333,129.2552606667,2.763,-12.616,1,INTERSECTION,2.00
76,35.5447723333,129.2552595000,2.657,-12.783,1,INTERSECTION,2.00
77,35.5447708333,129.2552583333,2.551,-12.950,1,INTERSECTION,2.00
78,35.5447695000,129.2552568333,2.415,-13.099,1,INTERSECTION,2.00
79,35.5447681667,129.2552553333,2.280,-13.247,1,INTERSECTION,2.00
80,35.5447670000,129.2552538333,2.144,-13.377,1,INTERSECTION,2.00
81,35.5447658333,129.2552528333,2.053,-13.507,1,INTERSECTION,2.00
82,35.5447645000,129.2552515000,1.932,-13.655,1,INTERSECTION,2.00
83,35.5447633333,129.2552495000,1.751,-13.785,1,INTERSECTION,2.00
84,35.5447623333,129.2552481667,1.630,-13.896,1,INTERSECTION,2.00
85,35.5447613333,129.2552468333,1.510,-14.008,1,INTERSECTION,2.00
86,35.5447598333,129.2552453333,1.374,-14.175,1,INTERSECTION,2.00
87,35.5447588333,129.2552438333,1.238,-14.286,1,INTERSECTION,2.00
88,35.5447580000,129.2552421667,1.087,-14.379,1,INTERSECTION,2.00
89,35.5447570000,129.2552405000,0.936,-14.490,1,INTERSECTION,2.00
90,35.5447560000,129.2552390000,0.800,-14.601,1,INTERSECTION,2.00
91,35.5447553333,129.2552373333,0.649,-14.676,1,INTERSECTION,2.00
92,35.5447546667,129.2552355000,0.483,-14.750,1,INTERSECTION,2.00
93,35.5447538333,129.2552336667,0.317,-14.843,1,INTERSECTION,2.00
94,35.5447528333,129.2552316667,0.136,-14.954,1,INTERSECTION,2.00
95,35.5447521667,129.2552301667,0.000,-15.028,1,INTERSECTION,2.00
96,35.5447513333,129.2552280000,-0.196,-15.121,1,INTERSECTION,2.00
97,35.5447505000,129.2552258333,-0.393,-15.214,1,INTERSECTION,2.00
98,35.5447496667,129.2552238333,-0.574,-15.307,1,INTERSECTION,2.00
99,35.5447488333,129.2552225000,-0.694,-15.399,1,INTERSECTION,2.00
100,35.5447479780,129.2552211075,-0.821,-15.494,1,INTERSECTION,2.00
101,35.5447473133,129.2552195177,-0.965,-15.568,1,INTERSECTION,2.00
102,35.5447468333,129.2552178333,-1.117,-15.622,1,INTERSECTION,2.00
103,35.5447465000,129.2552161667,-1.268,-15.659,1,INTERSECTION,2.00
104,35.5447458333,129.2552145000,-1.419,-15.733,1,INTERSECTION,2.00
105,35.5447452651,129.2552128273,-1.571,-15.796,1,INTERSECTION,2.00
106,35.5447445106,129.2552104867,-1.783,-15.880,1,INTERSECTION,2.00
107,35.5447441153,129.2552081461,-1.995,-15.924,1,INTERSECTION,2.00
108,35.5447439716,129.2552060485,-2.185,-15.940,1,INTERSECTION,2.00
109,35.5447437201,129.2552039287,-2.377,-15.968,1,INTERSECTION,2.00
110,35.5447433607,129.2552024051,-2.515,-16.008,1,INTERSECTION,2.00
111,35.5447428333,129.2552008333,-2.657,-16.067,1,INTERSECTION,2.00
112,35.5447423333,129.2551988333,-2.838,-16.123,1,INTERSECTION,2.00
113,35.5447415000,129.2551973333,-2.974,-16.216,1,INTERSECTION,2.00
114,35.5447406667,129.2551953333,-3.155,-16.308,1,INTERSECTION,2.00
115,35.5447396667,129.2551935000,-3.321,-16.420,1,INTERSECTION,2.00
116,35.5447390000,129.2551915000,-3.502,-16.494,1,INTERSECTION,2.00
117,35.5447385000,129.2551898333,-3.653,-16.550,1,INTERSECTION,2.00
118,35.5447380000,129.2551881667,-3.804,-16.605,1,INTERSECTION,2.00
119,35.5447373333,129.2551865000,-3.955,-16.679,1,INTERSECTION,2.00
120,35.5447366667,129.2551848333,-4.106,-16.754,1,INTERSECTION,2.00
121,35.5447358333,129.2551828333,-4.287,-16.846,1,INTERSECTION,2.00
122,35.5447353333,129.2551810000,-4.453,-16.902,1,INTERSECTION,2.00
123,35.5447346667,129.2551793333,-4.604,-16.976,1,INTERSECTION,2.00
124,35.5447338333,129.2551770000,-4.816,-17.069,1,INTERSECTION,2.00
125,35.5447333333,129.2551753333,-4.967,-17.125,1,INTERSECTION,2.00
126,35.5447331667,129.2551736667,-5.118,-17.143,1,INTERSECTION,2.00
