x,y,yaw,dir
0.0000,0.0000,-0.0000,1
0.1249,0.0000,0.0000,1
0.2349,0.0000,0.0000,1
0.3649,0.0000,0.0000,1
0.4949,0.0000,0.0000,1
0.6349,0.0000,0.0000,1
0.7849,0.0000,0.0000,1
0.9349,0.0000,0.0000,1
1.0849,0.0000,0.0000,1
1.2349,0.0000,0.0000,1
1.3849,0.0000,0.0000,1
1.5349,0.0000,0.0000,1
1.6849,0.0000,0.0000,1
1.8349,0.0000,0.0000,1
1.9849,0.0000,0.0000,1
2.1349,0.0000,0.0000,1
2.2849,0.0000,0.0000,1
2.4349,0.0000,0.0000,1
2.5849,0.0000,0.0000,1
2.7349,0.0000,0.0000,1
2.8849,0.0000,0.0000,1
3.0349,0.0000,0.0000,1
3.1849,0.0000,0.0000,1
3.3349,0.0000,0.0000,1
3.4849,0.0000,0.0000,1
3.6349,0.0000,0.0000,1
3.7849,0.0000,0.0000,1
3.9349,0.0000,0.0000,1
4.0849,0.0000,0.0000,1
4.2349,0.0000,0.0000,1
4.3849,0.0000,0.0000,1
4.5349,0.0000,0.0000,1
4.6849,0.0000,0.0000,1
4.8349,0.0000,0.0000,1
4.9849,0.0000,0.0000,1
5.1349,0.0000,0.0000,1
5.2849,0.0000,0.0000,1
5.4349,0.0000,0.0000,1
5.5849,0.0000,0.0000,1
5.7349,0.0000,0.0000,1
5.8849,0.0000,0.0000,1
6.0349,0.0000,0.0000,1
6.1849,0.0000,0.0000,1
6.3349,0.0000,0.0000,1
6.4849,0.0000,0.0000,1
6.6349,0.0000,0.0000,1
6.7849,0.0000,0.0000,1
6.9349,0.0000,0.0000,1
7.0849,0.0000,0.0000,1
7.2349,0.0000,0.0000,1
7.3849,0.0000,0.0000,1
7.5349,0.0000,0.0000,1
7.6793,0.0000,0.0000,1
7.7849,0.0000,0.0000,1
7.9349,0.0000,0.0000,1
8.0749,0.0000,0.0000,1
8.2249,0.0000,0.0000,1
8.3649,0.0000,0.0000,1
8.5217,0.0000,0.0000,1
8.6249,0.0000,0.0000,1
8.7549,0.0000,0.0000,1
8.9149,0.0000,0.0000,1
9.0249,0.0000,0.0000,1
9.1649,0.0000,0.0000,1
9.3093,0.0000,0.0000,1
9.4149,0.0000,0.0000,1
9.5549,0.0000,0.0000,1
9.7117,0.0000,0.0000,1
9.8149,0.0000,0.0000,1
9.9623,0.0000,0.0000,1
10.1049,0.0000,0.0000,1
10.2149,0.0000,0.0000,1
10.3649,0.0000,0.0000,1
10.5057,0.0000,0.0000,1
10.6149,0.0000,0.0000,1
10.7649,0.0000,0.0000,1
10.9149,0.0000,0.0000,1
11.0242,0.0000,0.0000,1
11.1611,0.0000,0.0000,1
11.2749,0.0000,0.0000,1
11.4169,0.0000,0.0000,1
11.5649,0.0000,0.0000,1
11.7149,0.0000,0.0000,1
11.8649,0.0000,0.0000,1
12.0149,0.0000,0.0000,1
12.1642,0.0000,0.0000,1
12.3049,0.0000,0.0000,1
12.4099,0.0000,0.0000,1
12.5149,0.0000,0.0000,1
12.6649,0.0000,0.0000,1
12.8087,0.0000,0.0000,1
12.9649,0.0000,0.0000,1
13.1149,0.0000,0.0000,1
13.2623,0.0000,0.0000,1
13.3649,0.0000,0.0000,1
13.5149,0.0000,0.0000,1
13.6549,0.0000,0.0000,1
13.7649,0.0000,0.0000,1
13.9149,0.0000,0.0000,1
14.0549,0.0000,0.0000,1
14.1949,0.0000,0.0000,1
14.3049,0.0000,0.0000,1
14.4149,0.0000,0.0000,1
14.5549,0.0000,0.0000,1
14.6617,0.0000,0.0000,1
14.8049,0.0000,0.0000,1
14.9123,0.0000,0.0000,1
15.0549,0.0000,0.0000,1
15.2049,0.0000,0.0000,1
15.3449,0.0000,0.0000,1
15.4549,0.0000,0.0000,1
15.5649,0.0000,0.0000,1
15.7099,0.0000,0.0000,1
15.8649,0.0000,0.0000,1
16.0049,0.0000,0.0000,1
16.1549,0.0000,0.0000,1
16.3049,0.0000,0.0000,1
16.4549,0.0000,0.0000,1
16.5575,0.0000,0.0000,1
16.6969,0.0000,0.0000,1
16.8049,0.0000,0.0000,1
16.9549,0.0000,0.0000,1
17.1049,0.0000,0.0000,1
17.2549,0.0000,0.0000,1
17.4017,0.0000,0.0000,1
17.5404,0.0000,0.0000,1
17.6904,0.0000,0.0000,1
17.8404,0.0000,0.0000,1
17.9904,0.0000,0.0000,1
18.1404,0.0000,0.0000,1
18.2904,0.0000,0.0000,1
18.4404,0.0000,0.0000,1
18.5904,0.0000,0.0000,1
18.7404,0.0000,0.0000,1
18.8904,0.0000,0.0000,1
19.0404,0.0000,0.0000,1
19.1904,0.0000,0.0000,1
19.3404,0.0000,0.0000,1
19.4904,0.0000,0.0000,1
19.6404,0.0000,0.0000,1
19.7904,0.0000,0.0000,1
19.9404,0.0000,0.0000,1
20.0904,0.0000,0.0000,1
20.2404,0.0000,0.0000,1
20.3904,0.0000,0.0000,1
20.5404,0.0000,0.0000,1
20.6904,-0.0008,-0.0186,1
20.8402,-0.0080,-0.0850,1
20.9395,-0.0390,-0.1602,1
21.0374,-0.0698,-0.2503,1
21.1331,-0.1276,-0.3412,1
21.2235,-0.1801,-0.4234,1
21.3051,-0.2508,-0.4842,1
21.3823,-0.3200,-0.5217,1
21.4678,-0.3755,-0.5317,1
21.5525,-0.4358,-0.5228,1
21.6380,-0.4878,-0.5131,1
21.7584,-0.5619,-0.5097,1
21.8893,-0.6351,-0.5097,1
22.0201,-0.7083,-0.5097,1
22.1512,-0.7815,-0.5097,1
22.2821,-0.8547,-0.5097,1
22.4068,-0.9279,-0.5097,1
22.5003,-0.9767,-0.5097,1
22.6313,-1.0498,-0.5097,1
22.7622,-1.1230,-0.5097,1
22.8931,-1.1962,-0.5097,1
23.0241,-1.2694,-0.5097,1
23.1114,-1.3268,-0.5097,1
23.2422,-1.3915,-0.5148,1
23.3290,-1.4413,-0.5413,1
23.4162,-1.5011,-0.6320,1
23.5025,-1.5746,-0.7649,1
23.5661,-1.6776,-0.8591,1
23.6229,-1.7856,-0.9471,1
23.6675,-1.8894,-1.0387,1
23.6945,-2.0539,-1.1575,1
23.7185,-2.1591,-1.2471,1
23.7279,-2.2733,-1.3384,1
23.7364,-2.3915,-1.4300,1
23.7045,-2.4915,-1.5142,1
23.6791,-2.5948,-1.5859,1
23.6403,-2.7016,-1.6340,1
23.6213,-2.8088,-1.6589,1
23.6106,-2.9208,-1.6644,1
23.5901,-3.0690,-1.6615,1
23.5798,-3.1797,-1.6563,1
23.5670,-3.3292,-1.6563,1
23.5537,-3.4586,-1.6528,1
23.5514,-3.5781,-1.6528,1
23.5332,-3.6877,-1.6528,1
23.5250,-3.7974,-1.6528,1
23.5128,-3.9469,-1.6528,1
23.5030,-4.0912,-1.6528,1
23.4882,-4.2459,-1.6528,1
23.4759,-4.3954,-1.6528,1
23.4736,-4.5349,-1.6528,1
23.4554,-4.6445,-1.6528,1
23.4531,-4.7840,-1.6528,1
23.4399,-4.8837,-1.6528,1
23.4326,-5.0332,-1.6528,1
23.4152,-5.1421,-1.6528,1
23.4063,-5.2425,-1.6512,1
23.4063,-5.3822,-1.6152,1
23.4010,-5.4853,-1.5678,1
23.4285,-5.6221,-1.5245,1
23.4557,-5.7419,-1.5282,1
23.4878,-5.8518,-1.6073,1
23.4707,-5.9616,-1.6801,1
23.4362,-6.0604,-1.7710,1
23.3826,-6.1472,-1.8588,1
23.3283,-6.2617,-1.9501,1
23.2687,-6.3477,-1.9959,1
23.1822,-6.4564,-2.0823,1
23.0983,-6.5409,-2.1685,1
23.0187,-6.6411,-2.2453,1
22.8935,-6.7572,-2.2950,1
22.8193,-6.8338,-2.3098,1
22.7099,-6.9660,-2.3237,1
22.6344,-7.0613,-2.3210,1
22.5366,-7.1790,-2.3175,1
22.4515,-7.2812,-2.3132,1
22.3701,-7.3617,-2.3133,1
22.2767,-7.4642,-2.3133,1
22.2011,-7.5459,-2.3133,1
22.1035,-7.6527,-2.3133,1
22.0083,-7.7570,-2.3133,1
21.9168,-7.8575,-2.3133,1
21.8054,-7.9780,-2.3133,1
21.7140,-8.0785,-2.3133,1
21.6026,-8.1991,-2.3133,1
21.5014,-8.3098,-2.3031,1
21.3752,-8.4747,-2.2434,1
21.3114,-8.5616,-2.2084,1
21.2411,-8.6812,-2.1664,1
21.1684,-8.8261,-2.0837,1
21.1129,-8.9749,-1.9902,1
21.0903,-9.1255,-1.8870,1
21.1006,-9.2347,-1.8365,1
21.1381,-9.3524,-1.8426,1
21.0956,-9.4863,-1.8902,1
21.0230,-9.6166,-2.1752,1
20.9349,-9.7107,-2.2444,1
20.8507,-9.7749,-2.2674,1
20.7751,-9.8603,-2.3031,1
20.6722,-9.9641,-2.3046,1
20.5312,-10.1090,-2.3037,1
20.4484,-10.2077,-2.3006,1
20.3347,-10.3217,-2.2947,1
20.2534,-10.4261,-2.2947,1
20.1772,-10.5110,-2.2947,1
20.0686,-10.6326,-2.2947,1
19.9685,-10.7458,-2.2947,1
19.8693,-10.8580,-2.2947,1
19.8029,-10.9331,-2.2947,1
19.7036,-11.0455,-2.2947,1
19.6056,-11.1565,-2.2947,1
19.5380,-11.2328,-2.2947,1
19.4386,-11.3452,-2.2947,1
19.3419,-11.4550,-2.2947,1
19.2731,-11.5325,-2.2947,1
19.1737,-11.6449,-2.2947,1
19.0744,-11.7573,-2.2947,1
18.9750,-11.8696,-2.2947,1
18.8757,-11.9820,-2.2947,1
18.7863,-12.0844,-2.2947,1
18.6814,-12.2024,-2.2947,1
18.5776,-12.3192,-2.2947,1
18.4883,-12.4216,-2.2947,1
18.4121,-12.5065,-2.2947,1
18.3127,-12.6189,-2.2947,1
18.2134,-12.7313,-2.2947,1
18.1140,-12.8436,-2.2947,1
18.0233,-12.9474,-2.2947,1
17.9484,-13.0309,-2.2947,1
17.8547,-13.1377,-2.2947,1
17.7597,-13.2457,-2.2947,1
17.6934,-13.3208,-2.2947,1
17.6173,-13.4056,-2.2947,1
17.5179,-13.5179,-2.2947,1
17.4186,-13.6303,-2.2947,1
17.3292,-13.7327,-2.2947,1
17.2199,-13.8551,-2.2947,1
17.1205,-13.9675,-2.2947,1
17.0212,-14.0799,-2.2947,1
16.9232,-14.1909,-2.2947,1
16.8225,-14.3046,-2.2947,1
16.7232,-14.4170,-2.2947,1
16.6288,-14.5244,-2.2951,1
16.5572,-14.6039,-2.3092,1
16.4744,-14.6831,-2.3774,1
16.3310,-14.7297,-2.5971,1
16.2265,-14.7676,-2.6841,1
16.1217,-14.7879,-2.7455,1
15.9640,-14.8541,-2.7876,1
15.8237,-14.9164,-2.8014,1
15.7291,-14.9490,-2.7978,1
15.5946,-15.0216,-2.7664,1
15.4816,-15.0782,-2.7135,1
15.3611,-15.1600,-2.6345,1
15.2650,-15.2487,-2.5391,1
15.1771,-15.3525,-2.4110,1
15.1005,-15.4677,-2.3400,1
15.0492,-15.5590,-2.3261,1
14.9688,-15.6597,-2.3342,1
14.8906,-15.7412,-2.3403,1
14.8197,-15.8144,-2.3403,1
14.7153,-15.9221,-2.3403,1
14.6014,-16.0403,-2.3438,1
14.5162,-16.1272,-2.3403,1
14.4067,-16.2398,-2.3403,1
14.3023,-16.3476,-2.3403,1
14.2023,-16.4509,-2.3403,1
14.1284,-16.5271,-2.3403,1
14.0240,-16.6348,-2.3403,1
13.9196,-16.7426,-2.3403,1
13.8153,-16.8503,-2.3403,1
13.7109,-16.9581,-2.3403,1
13.6065,-17.0658,-2.3403,1
13.5022,-17.1735,-2.3403,1
13.3978,-17.2813,-2.3403,1
13.2934,-17.3890,-2.3403,1
13.1891,-17.4967,-2.3403,1
13.0847,-17.6045,-2.3403,1
12.9803,-17.7122,-2.3403,1
12.8759,-17.8199,-2.3403,1
12.7716,-17.9277,-2.3403,1
12.6672,-18.0354,-2.3403,1
12.5628,-18.1432,-2.3403,1
12.4585,-18.2509,-2.3403,1
12.3541,-18.3586,-2.3403,1
12.2497,-18.4664,-2.3403,1
12.1454,-18.5741,-2.3403,1
12.0410,-18.6818,-2.3434,1
11.9351,-18.7788,-2.3872,1
11.8244,-18.8587,-2.4949,1
11.6905,-18.9229,-2.6336,1
11.5812,-18.9472,-2.7247,1
11.4673,-18.9727,-2.8160,1
11.3517,-18.9809,-2.8925,1
11.1947,-18.9812,-2.9645,1
11.0757,-18.9957,-2.9795,1
10.9765,-19.0094,-2.9776,1
10.8775,-19.0243,-2.9717,1
10.7295,-19.0487,-2.9649,1
10.5819,-19.0751,-2.9649,1
10.4342,-19.1015,-2.9649,1
10.2958,-19.1186,-2.9649,1
10.1881,-19.1454,-2.9649,1
10.0404,-19.1718,-2.9649,1
9.9028,-19.1881,-2.9649,1
9.7943,-19.2157,-2.9649,1
9.6467,-19.2421,-2.9649,1
9.4990,-19.2685,-2.9649,1
9.3513,-19.2948,-2.9649,1
9.2137,-19.3112,-2.9649,1
9.1052,-19.3388,-2.9649,1
8.9576,-19.3652,-2.9649,1
8.8099,-19.3915,-2.9649,1
8.6622,-19.4179,-2.9649,1
8.5146,-19.4443,-2.9649,1
8.3669,-19.4707,-2.9649,1
8.2192,-19.4970,-2.9649,1
8.0716,-19.5234,-2.9649,1
7.9239,-19.5498,-2.9649,1
7.7763,-19.5761,-2.9649,1
7.6286,-19.6025,-2.9649,1
7.4809,-19.6289,-2.9649,1
7.3333,-19.6553,-2.9649,1
7.1856,-19.6816,-2.9649,1
7.0379,-19.7079,-2.9705,1
6.8996,-19.7305,-3.0171,1
6.7505,-19.7337,-3.1202,1
6.6107,-19.7024,3.0303,1
6.5120,-19.6703,2.9395,1
6.4051,-19.6173,2.8494,1
6.3209,-19.5528,2.7648,1
6.2299,-19.4776,2.6755,1
6.1430,-19.4014,2.5960,1
6.0391,-19.2914,2.5214,1
5.9397,-19.1953,2.5035,1
5.8402,-19.1146,2.4972,1
5.7416,-19.0327,2.5060,1
5.6616,-18.9727,2.5093,1
5.5406,-18.8840,2.5092,1
5.4196,-18.7954,2.5092,1
5.2986,-18.7067,2.5092,1
5.1840,-18.6170,2.4841,1
5.1055,-18.5075,2.2739,1
5.0508,-18.4021,2.1801,1
5.0006,-18.2944,2.0886,1
4.9757,-18.1849,2.0005,1
4.9587,-18.0841,1.9124,1
4.9501,-17.9758,1.8271,1
4.9587,-17.8680,1.7628,1
4.9562,-17.7195,1.7108,1
4.9444,-17.6102,1.7029,1
4.9337,-17.5105,1.7125,1
4.9208,-17.4013,1.7176,1
4.9093,-17.2729,1.7210,1
4.8869,-17.1246,1.7210,1
4.8645,-16.9763,1.7210,1
4.8495,-16.8687,1.7210,1
4.8345,-16.7685,1.7210,1
4.8121,-16.6252,1.7210,1
4.7896,-16.4843,1.7210,1
4.7747,-16.3680,1.7210,1
4.7522,-16.2347,1.7210,1
4.7298,-16.0926,1.7210,1
4.7148,-15.9775,1.7210,1
4.6924,-15.8492,1.7210,1
4.6699,-15.7009,1.7210,1
4.6550,-15.5820,1.7210,1
4.6325,-15.4491,1.7210,1
4.6176,-15.3448,1.7210,1
4.5951,-15.1865,1.7210,1
4.5727,-15.0582,1.7210,1
4.5502,-14.9025,1.7210,1
4.5278,-14.7716,1.7210,1
4.5128,-14.6595,1.7210,1
4.4981,-14.5573,1.7126,1
4.4802,-14.4249,1.6607,1
4.4863,-14.2709,1.5810,1
4.5036,-14.1253,1.5523,1
4.5273,-13.9953,1.5529,1
4.5200,-13.8553,1.5528,1
4.5218,-13.7453,1.5528,1
4.5245,-13.5854,1.5528,1
4.5263,-13.4754,1.5528,1
4.5290,-13.3654,1.5528,1
4.5308,-13.2580,1.5528,1
4.5335,-13.1174,1.5528,1
4.5353,-13.0055,1.5528,1
4.5380,-12.8755,1.5528,1
4.5398,-12.7655,1.5528,1
4.5425,-12.6255,1.5528,1
4.5452,-12.4956,1.5528,1
4.5470,-12.3656,1.5528,1
4.5497,-12.2364,1.5528,1
4.5524,-12.0994,1.5528,1
4.5542,-11.9956,1.5528,1
4.5569,-11.8576,1.5528,1
4.5596,-11.7231,1.5528,1
4.5623,-11.5886,1.5528,1
4.5650,-11.4457,1.5528,1
4.5677,-11.3158,1.5528,1
4.5704,-11.1758,1.5528,1
4.5731,-11.0558,1.5528,1
4.5758,-10.9160,1.5528,1
4.5785,-10.7859,1.5528,1
4.5812,-10.6559,1.5528,1
4.5839,-10.5159,1.5528,1
4.5866,-10.3759,1.5528,1
4.5893,-10.2334,1.5528,1
4.5920,-10.0860,1.5528,1
4.5947,-9.9460,1.5528,1
4.5965,-9.8447,1.5528,1
4.5992,-9.6960,1.5528,1
4.6010,-9.5905,1.5528,1
4.6037,-9.4461,1.5528,1
4.6064,-9.3061,1.5528,1
4.6082,-9.1961,1.5528,1
4.6109,-9.0561,1.5528,1
4.6127,-8.9475,1.5528,1
4.6145,-8.8462,1.5528,1
4.6172,-8.7062,1.5528,1
4.6199,-8.5588,1.5528,1
4.6217,-8.4562,1.5528,1
4.6244,-8.3163,1.5528,1
4.6271,-8.1601,1.5528,1
4.6289,-8.0563,1.5528,1
4.6316,-7.9063,1.5528,1
4.6343,-7.7764,1.5528,1
4.6361,-7.6564,1.5528,1
4.6388,-7.5172,1.5528,1
4.6406,-7.4164,1.5528,1
4.6433,-7.2764,1.5528,1
4.6451,-7.1733,1.5528,1
4.6469,-7.0665,1.5528,1
4.6496,-6.9165,1.5528,1
4.6523,-6.7745,1.5528,1
4.6550,-6.6265,1.5528,1
4.6568,-6.5203,1.5528,1
4.6595,-6.3758,1.5528,1
4.6622,-6.2266,1.5528,1
4.6649,-6.0765,1.5528,1
4.6667,-5.9671,1.5528,1
4.6685,-5.8667,1.5528,1
4.6712,-5.7229,1.5528,1
4.6739,-5.5767,1.5528,1
4.6757,-5.4687,1.5528,1
4.6775,-5.3667,1.5528,1
4.6802,-5.2268,1.5528,1
4.6829,-5.0768,1.5528,1
4.6856,-4.9268,1.5528,1
4.6883,-4.7768,1.5528,1
4.6910,-4.6269,1.5528,1
4.6937,-4.4769,1.5528,1
4.6964,-4.3269,1.5528,1
4.6991,-4.1769,1.5528,1
4.9568,-3.5472,1.5803,1
4.9529,-3.4009,1.5788,1
4.9522,-3.3004,1.5788,1
4.9510,-3.1520,1.5788,1
4.9502,-3.0476,1.5788,1
4.9490,-2.8976,1.5788,1
4.9478,-2.7477,1.5788,1
4.9466,-2.5977,1.5788,1
4.9454,-2.4477,1.5788,1
4.9442,-2.2977,1.5788,1
4.9430,-2.1477,1.5788,1
4.9418,-1.9977,1.5788,1
4.9406,-1.8477,1.5788,1
4.9394,-1.6977,1.5788,1
4.9382,-1.5477,1.5788,1
4.9370,-1.3977,1.5788,1
4.9358,-1.2477,1.5788,1
4.9346,-1.0977,1.5788,1
4.9334,-0.9477,1.5788,1
4.9295,-0.7978,1.5788,1
4.9283,-0.6478,1.5788,1
4.9271,-0.4978,1.5788,1
4.9259,-0.3479,1.5788,1
4.9247,-0.1979,1.5788,1
4.9235,-0.0479,1.5788,1
4.9223,0.1021,1.5788,1
4.9211,0.2521,1.5788,1
4.9199,0.4021,1.5788,1
4.9187,0.5521,1.5788,1
4.9175,0.7021,1.5788,1
4.9163,0.8521,1.5788,1
4.9151,1.0021,1.5788,1
4.9139,1.1521,1.5788,1
4.9127,1.3021,1.5788,1
4.9115,1.4521,1.5788,1
4.9103,1.6021,1.5788,1
4.9091,1.7521,1.5788,1
4.9079,1.9021,1.5788,1
4.9067,2.0521,1.5788,1
4.9055,2.2021,1.5788,1
4.9043,2.3521,1.5788,1
4.9031,2.5021,1.5788,1
4.9019,2.6521,1.5788,1
4.9007,2.8020,1.5788,1
4.8995,2.9520,1.5788,1
4.8983,3.0920,1.5788,1
4.8975,3.2020,1.5788,1
4.8963,3.3409,1.5788,1
4.8955,3.4420,1.5788,1
4.8943,3.5920,1.5788,1
4.8931,3.7420,1.5788,1
4.8919,3.8910,1.5788,1
4.8907,4.0220,1.5788,1
4.8899,4.1320,1.5788,1
4.8887,4.2818,1.5788,1
4.8879,4.3820,1.5788,1
4.8871,4.4912,1.5788,1
4.8863,4.5920,1.5788,1
4.8851,4.7320,1.5788,1
4.8839,4.8820,1.5788,1
4.8827,5.0320,1.5788,1
4.8815,5.1720,1.5788,1
4.8807,5.2751,1.5788,1
4.8795,5.4220,1.5788,1
4.8787,5.5320,1.5788,1
4.8775,5.6776,1.5788,1
4.8767,5.7820,1.5788,1
4.8755,5.9219,1.5788,1
4.8747,6.0315,1.5788,1
4.8735,6.1719,1.5788,1
4.8727,6.2819,1.5788,1
4.8715,6.4219,1.5788,1
4.8707,6.5239,1.5788,1
4.8695,6.6793,1.5788,1
4.8683,6.8319,1.5788,1
4.8671,6.9819,1.5788,1
4.8659,7.1219,1.5788,1
4.8651,7.2319,1.5788,1
4.8639,7.3719,1.5788,1
4.8631,7.4817,1.5788,1
4.8619,7.6319,1.5788,1
4.8607,7.7719,1.5788,1
4.8595,7.9219,1.5788,1
4.8583,8.0819,1.5788,1
4.8575,8.1919,1.5788,1
4.8563,8.3319,1.5788,1
4.8551,8.4919,1.5788,1
4.8539,8.6319,1.5788,1
4.8527,8.7719,1.5788,1
4.8519,8.8819,1.5788,1
4.8507,9.0318,1.5788,1
4.8495,9.1793,1.5788,1
4.8483,9.3318,1.5788,1
4.8471,9.4718,1.5788,1
4.8463,9.5818,1.5788,1
4.8451,9.7318,1.5788,1
4.8439,9.8818,1.5788,1
4.8427,10.0318,1.5788,1
4.8415,10.1718,1.5788,1
4.8403,10.3318,1.5788,1
4.8391,10.4818,1.5788,1
4.8379,10.6274,1.5788,1
4.8371,10.7318,1.5788,1
4.8359,10.8818,1.5788,1
4.8347,11.0218,1.5788,1
4.8335,11.1718,1.5788,1
4.8327,11.2804,1.5788,1
4.8315,11.4186,1.5788,1
4.8307,11.5218,1.5788,1
4.8295,11.6643,1.5788,1
4.8287,11.7718,1.5788,1
4.8275,11.9218,1.5788,1
4.8263,12.0718,1.5788,1
4.8255,12.1817,1.5788,1
4.8243,12.3217,1.5788,1
4.8231,12.4717,1.5788,1
4.8219,12.6217,1.5788,1
4.8207,12.7717,1.5788,1
4.8195,12.9217,1.5788,1
4.8183,13.0717,1.5788,1
4.8171,13.2217,1.5788,1
4.8159,13.3717,1.5788,1
4.8147,13.5217,1.5788,1
4.8135,13.6717,1.5788,1
4.8123,13.8217,1.5788,1
4.8111,13.9717,1.5788,1
4.8099,14.1217,1.5788,1
4.8087,14.2717,1.5788,1
4.8075,14.4217,1.5788,1
4.8063,14.5717,1.5788,1
4.8051,14.7217,1.5788,1
4.8039,14.8717,1.5788,1
4.8027,15.0217,1.5788,1
4.8015,15.1717,1.5788,1
4.8003,15.3216,1.5788,1
4.7991,15.4716,1.5788,1
4.7979,15.6216,1.5788,1
4.7967,15.7716,1.5788,1
4.7955,15.9216,1.5788,1
4.7935,16.0716,1.5973,1
4.7852,16.2214,1.6635,1
4.7534,16.3206,1.7386,1
4.7213,16.4183,1.8287,1
4.6634,16.5137,1.9196,1
4.6142,16.6059,2.0076,1
4.5366,16.6741,2.0839,1
4.4606,16.7561,2.1389,1
4.3872,16.8319,2.1702,1
4.3181,16.9128,2.1757,1
4.2589,17.0152,2.1534,1
4.1996,17.1033,2.0955,1
4.1477,17.1997,2.0524,1
4.0988,17.3227,2.0396,1
4.0481,17.4230,2.0364,1
3.9829,17.5503,2.0356,1
3.9257,17.6844,2.0356,1
3.8708,17.7738,2.0356,1
3.8036,17.9079,2.0356,1
3.7360,18.0418,2.0467,1
3.6645,18.1737,2.1053,1
3.6053,18.2604,2.2319,1
3.4863,18.3527,2.3699,1
3.3915,18.4190,2.4614,1
3.2705,18.4579,2.5478,1
3.1553,18.5102,2.6344,1
3.0354,18.5241,2.7218,1
2.9307,18.5344,2.8098,1
2.8259,18.5521,2.9004,1
2.7075,18.5342,2.9864,1
2.6078,18.5173,3.0540,1
2.4579,18.4941,3.1160,1
2.3333,18.4937,3.1292,1
2.1926,18.4845,3.1265,1
2.0778,18.4846,3.1211,1
1.9778,18.4859,3.1177,1
1.8278,18.4895,3.1177,1
1.7278,18.5025,3.1142,1
1.6235,18.5009,3.1142,1
1.4779,18.5094,3.1142,1
1.3680,18.5021,3.1142,1
1.2280,18.5162,3.1142,1
1.1181,18.5090,3.1142,1
0.9781,18.5231,3.1142,1
0.8282,18.5272,3.1142,1
0.6682,18.5213,3.1142,1
0.5283,18.5354,3.1142,1
0.3783,18.5395,3.1142,1
0.2284,18.5431,3.1280,1
0.1184,18.5329,-3.1205,1
-0.0212,18.5234,-3.0270,1
-0.1588,18.4774,-2.8937,1
-0.2811,18.4053,-2.7578,1
-0.3777,18.3227,-2.6866,1
-0.5003,18.2311,-2.6366,1
-0.6235,18.1448,-2.6130,1
-0.7916,18.0474,-2.6077,1
-0.9364,17.9626,-2.6196,1
-1.0307,17.9108,-2.6359,1
-1.1242,17.8663,-2.6570,1
-1.2479,17.8020,-2.6871,1
-1.3596,17.7505,-2.7184,1
-1.5148,17.6913,-2.7859,1
-1.6115,17.6537,-2.8135,1
-1.7549,17.6395,-2.8501,1
-1.8772,17.6245,-2.8459,1
-2.0007,17.5908,-2.8461,1
-2.1342,17.5571,-2.8461,1
-2.2300,17.5278,-2.8461,1
-2.3455,17.4789,-2.8461,1
-2.4718,17.4524,-2.8461,1
-2.5747,17.4161,-2.8461,1
-2.7182,17.3724,-2.8461,1
-2.8617,17.3287,-2.8461,1
-2.9978,17.2924,-2.8461,1
-3.1009,17.2559,-2.8461,1
-3.2444,17.2122,-2.8461,1
-3.3879,17.1685,-2.8461,1
-3.5221,17.1340,-2.8461,1
-3.6749,17.0812,-2.8493,1
-3.7992,17.0603,-2.8901,1
-3.9162,17.0265,-2.9517,1
-4.0465,17.0004,-3.0278,1
-4.1656,16.9841,-3.1193,1
-4.3004,16.9999,3.0795,1
-4.4036,17.0827,2.9995,1
-4.4113,17.2093,2.9758,1
-4.3590,17.3563,3.0025,1
-4.3774,17.4689,3.1117,1
-4.5071,17.4549,-3.0437,1
-4.6060,17.4206,-2.9528,1
-4.7320,17.3594,-2.8628,1
-4.8378,17.2839,-2.7766,1
-4.9395,17.2239,-2.6850,1
-5.0649,17.1248,-2.5956,1
-5.1488,17.0275,-2.5546,1
-5.2397,16.9353,-2.4667,1
-5.3418,16.8079,-2.3783,1
-5.4233,16.7071,-2.2907,1
-5.5027,16.5971,-2.2218,1
-5.5645,16.4780,-2.1794,1
-5.6987,16.3138,-2.1655,1
-5.7706,16.2273,-2.1626,1
-5.8809,16.0982,-2.1637,1
-5.9723,15.9879,-2.1664,1
-6.0419,15.8918,-2.1701,1
-6.1203,15.7742,-2.1701,1
-6.2011,15.6541,-2.1701,1
-6.2675,15.5615,-2.1701,1
-6.3521,15.4377,-2.1701,1
-6.4368,15.3138,-2.1701,1
-6.5114,15.2000,-2.1701,1
-6.5960,15.0761,-2.1701,1
-6.6806,14.9522,-2.1701,1
-6.7399,14.8668,-2.1701,1
-6.8216,14.7458,-2.1701,1
-6.8982,14.6300,-2.1701,1
-6.9568,14.5452,-2.1701,1
-7.0435,14.4193,-2.1701,1
-7.1037,14.3329,-2.1701,1
-7.1789,14.2195,-2.1880,1
-7.2869,14.1088,-2.2276,1
-7.4084,13.9794,-2.2607,1
-7.4842,13.8940,-2.2722,1
-7.5676,13.7879,-2.2657,1
-7.6499,13.6864,-2.2657,1
-7.7559,13.5612,-2.2657,1
-7.8494,13.4486,-2.2657,1
-7.9460,13.3328,-2.2657,1
-8.0441,13.2156,-2.2657,1
-8.1355,13.1066,-2.2880,1
-8.2068,13.0258,-2.3028,1
-8.3033,12.9412,-2.3080,1
-8.3745,12.8604,-2.3047,1
-8.4649,12.7591,-2.3047,1
-8.5419,12.6748,-2.3047,1
-8.6424,12.5634,-2.3047,1
-8.7329,12.4620,-2.3047,1
-8.8098,12.3778,-2.3047,1
-8.9103,12.2664,-2.3047,1
-9.0065,12.1593,-2.3047,1
-9.0777,12.0808,-2.3047,1
-9.1769,11.9707,-2.3047,1
-9.2697,11.8670,-2.3047,1
-9.3443,11.7851,-2.3047,1
-9.4460,11.6725,-2.3047,1
-9.5466,11.5610,-2.3047,1
-9.6378,11.4588,-2.3047,1
-9.7141,11.3753,-2.3047,1
-9.8145,11.2640,-2.3047,1
-9.9050,11.1626,-2.3047,1
-9.9820,11.0783,-2.3047,1
-10.0824,10.9669,-2.3047,1
-10.1729,10.8656,-2.3047,1
-10.2499,10.7813,-2.3047,1
-10.3504,10.6699,-2.3047,1
-10.4508,10.5585,-2.3047,1
-10.5513,10.4472,-2.3047,1
-10.6418,10.3458,-2.3047,1
-10.7187,10.2615,-2.3047,1
-10.8092,10.1601,-2.3047,1
-10.8848,10.0773,-2.3047,1
-10.9532,10.0016,-2.3047,1
-11.0472,9.8967,-2.3047,1
-11.1206,9.8160,-2.3047,1
-11.2211,9.7046,-2.3047,1
-11.3216,9.5932,-2.3047,1
-11.4220,9.4819,-2.3047,1
-11.5225,9.3705,-2.3047,1
-11.6130,9.2691,-2.3047,1
-11.7134,9.1577,-2.3047,1
-11.8195,9.0407,-2.3047,1
-11.9144,8.9349,-2.3047,1
-11.9827,8.8593,-2.3047,1
-12.0818,8.7493,-2.3047,1
-12.1923,8.6279,-2.3047,1
-12.2858,8.5235,-2.3047,1
-12.3832,8.4152,-2.3047,1
-12.4837,8.3038,-2.3047,1
-12.5842,8.1924,-2.3047,1
-12.6846,8.0810,-2.3047,1
-12.7851,7.9696,-2.3047,1
-12.8856,7.8582,-2.3047,1
-12.9860,7.7469,-2.3047,1
-13.0865,7.6355,-2.3047,1
-13.1870,7.5241,-2.3047,1
-13.2875,7.4127,-2.3047,1
-13.3879,7.3013,-2.3014,1
-13.4861,7.1879,-2.2600,1
-13.5464,7.0651,-2.1089,1
-13.5850,6.9618,-2.0127,1
-13.6014,6.8621,-1.9240,1
-13.6133,6.7440,-1.8429,1
-13.6243,6.6192,-1.7871,1
-13.6406,6.4934,-1.7536,1
-13.6572,6.3847,-1.7412,1
-13.6712,6.2856,-1.7515,1
-13.6885,6.1871,-1.7545,1
-13.7049,6.0594,-1.7614,1
-13.7333,5.9121,-1.7614,1
-13.7522,5.8039,-1.7614,1
-13.7807,5.6566,-1.7614,1
-13.8091,5.5093,-1.7614,1
-13.8375,5.3621,-1.7614,1
-13.8659,5.2148,-1.7614,1
-13.8943,5.0675,-1.7614,1
-13.9227,4.9202,-1.7614,1
-13.9512,4.7729,-1.7614,1
-13.9796,4.6256,-1.7614,1
-14.0080,4.4784,-1.7614,1
-14.0364,4.3311,-1.7614,1
-14.0648,4.1838,-1.7614,1
-14.0932,4.0365,-1.7614,1
-14.1216,3.8892,-1.7614,1
-14.1501,3.7419,-1.7614,1
-14.1785,3.5947,-1.7614,1
-14.2069,3.4474,-1.7614,1
-14.2341,3.2999,-1.7377,1
-14.2494,3.1570,-1.6622,1
-14.2309,3.0217,-1.5406,1
-14.2141,2.9221,-1.4468,1
-14.1563,2.8136,-1.3589,1
-14.0850,2.6693,-1.2447,1
-14.0243,2.5858,-1.2013,1
-13.9799,2.4936,-1.1815,1
-13.9298,2.4023,-1.1842,1
-13.8901,2.3100,-1.1874,1
-13.8513,2.2178,-1.1937,1
-13.7961,2.0884,-1.1941,1
-13.7409,1.9489,-1.1941,1
-13.6857,1.8094,-1.1941,1
-13.6405,1.6699,-1.1941,1
-13.6030,1.5770,-1.1941,1
-13.5570,1.4840,-1.1941,1
-13.5018,1.3445,-1.1941,1
-13.4466,1.2050,-1.1941,1
-13.3914,1.0655,-1.1941,1
-13.3463,0.9260,-1.1941,1
-13.2993,0.8331,-1.1879,1
-13.2420,0.6948,-1.1367,1
-13.1649,0.5807,-1.0252,1
-13.0923,0.4968,-0.9307,1
-13.0133,0.4217,-0.8383,1
-12.9122,0.3661,-0.7494,1
-12.8103,0.3145,-0.6618,1
-12.6657,0.2523,-0.5396,1
-12.5255,0.2077,-0.4669,1
-12.3926,0.1676,-0.4538,1
-12.2918,0.1254,-0.4533,1
-12.1907,0.0841,-0.4661,1
-12.0659,0.0282,-0.4457,1
-11.9656,0.0021,-0.3643,1
-11.8276,-0.0213,-0.2340,1
-11.6757,-0.0269,-0.0929,1
-11.5710,-0.0019,-0.0029,1
-11.4603,0.0239,0.0836,1
-11.3611,0.0664,0.1509,1
-11.2625,0.0947,0.1967,1
-11.1650,0.1281,0.2104,1
-11.0661,0.1511,0.2076,1
-10.9403,0.1545,0.1751,1
-10.7993,0.1800,0.0928,1
-10.6613,0.1835,-0.0280,1
-10.5236,0.1464,-0.1034,1
-10.4241,0.1222,-0.1263,1
-10.3258,0.0926,-0.1231,1
-10.2267,0.0788,-0.1166,1
-10.1237,0.0565,-0.1131,1
-10.0208,0.0452,-0.1131,1
-9.8990,0.0283,-0.1131,1
-9.7995,0.0170,-0.1131,1
-9.6903,0.0057,-0.1131,1
-9.5465,-0.0112,-0.1131,1
-9.3922,-0.0282,-0.1131,1
-9.2432,-0.0451,-0.1131,1
-9.0882,-0.0620,-0.1131,1
-8.9748,-0.0733,-0.1131,1
-8.8258,-0.0903,-0.1131,1
-8.7164,-0.1016,-0.1131,1
-8.6076,-0.1129,-0.1131,1
-8.4818,-0.1298,-0.1131,1
-8.3786,-0.1411,-0.1131,1
-8.2491,-0.1580,-0.1131,1
-8.1105,-0.1750,-0.1131,1
-8.0012,-0.1862,-0.1131,1
-7.8621,-0.2032,-0.1131,1
-7.7528,-0.2145,-0.1131,1
-7.6037,-0.2314,-0.1131,1
-7.4944,-0.2427,-0.1131,1
-7.3733,-0.2540,-0.1131,1
-7.2557,-0.2653,-0.1131,1
-7.1463,-0.2766,-0.1131,1
-7.0389,-0.2879,-0.1131,1
-6.9320,-0.2991,-0.1131,1
-6.8182,-0.3104,-0.1131,1
-6.6989,-0.3217,-0.1131,1
-6.5895,-0.3330,-0.1131,1
-6.4381,-0.3500,-0.1131,1
-6.3211,-0.3612,-0.1131,1
-6.2117,-0.3725,-0.1131,1
-6.0627,-0.3895,-0.1131,1
-5.9137,-0.4064,-0.1131,1
-5.8043,-0.4177,-0.1131,1
-5.6553,-0.4346,-0.1131,1
-5.5551,-0.4459,-0.1131,1
-5.4465,-0.4571,-0.1089,1
-5.3233,-0.4717,-0.0908,1
-5.1778,-0.4752,-0.0893,1
-5.0284,-0.4885,-0.0874,1
-4.8945,-0.5002,-0.0715,1
-4.7691,-0.4973,-0.0702,1
-4.6329,-0.5075,-0.0611,1
-4.4885,-0.5146,-0.0401,1
-4.3498,-0.5105,-0.0385,1
-4.1999,-0.5163,-0.0385,1
-4.0620,-0.5215,-0.0257,1
-3.9600,-0.5235,-0.0166,1
-3.8500,-0.5251,-0.0153,1
-3.7100,-0.5174,-0.0141,1
-3.5700,-0.5176,0.0153,1
-3.4639,-0.5154,0.0260,1
-3.3009,-0.5017,0.0278,1
-3.1702,-0.4971,0.0279,1
-3.0301,-0.4930,0.0279,1
-2.9205,-0.4902,0.0279,1
-2.8203,-0.4874,0.0279,1
-2.6842,-0.4832,0.0279,1
-2.5804,-0.4804,0.0279,1
-2.4305,-0.4762,0.0279,1
-2.2805,-0.4721,0.0279,1
-2.1306,-0.4679,0.0279,1
-0.6107,-0.2100,0.0074,1
0.1665,-0.0806,-0.0025,1
0.3064,-0.0791,-0.0032,1
0.4098,-0.0796,-0.0032,1
0.5435,-0.0843,-0.0032,1
0.6615,-0.0861,-0.0032,1
0.7676,-0.0821,-0.0050,1
0.8676,-0.0847,-0.0050,1
0.9952,-0.0853,-0.0050,1
1.1023,-0.0874,-0.0050,1
1.2180,-0.0856,-0.0067,1
1.3266,-0.0857,-0.0067,1
1.4546,-0.0855,-0.0079,1
1.3473,-0.0884,-0.0064,1
1.2344,-0.0906,-0.0073,1
1.3444,-0.0896,-0.0085,1
1.4471,-0.0858,-0.0085,1
1.5943,-0.0967,-0.0085,1
1.7445,-0.0914,-0.0085,1
1.8907,-0.0957,-0.0085,1
1.9939,-0.0979,-0.0085,1
2.0947,-0.0987,-0.0085,1
2.1947,-0.0960,-0.0085,1
2.3443,-0.1001,-0.0085,1
2.4443,-0.1008,-0.0091,1
2.5943,-0.1027,-0.0215,1
2.7441,-0.1097,-0.0798,1
2.8435,-0.1311,-0.1470,1
2.9418,-0.1616,-0.2367,1
3.0406,-0.2251,-0.3087,1
3.1314,-0.2682,-0.3540,1
3.2577,-0.3403,-0.3766,1
3.3905,-0.4052,-0.3650,1
3.4858,-0.4428,-0.3617,1
3.5817,-0.4793,-0.3617,1
3.7196,-0.5323,-0.3617,1
3.8141,-0.5664,-0.3617,1
3.9544,-0.6195,-0.3617,1
4.0947,-0.6726,-0.3617,1
4.2350,-0.7257,-0.3661,1
4.3739,-0.7917,-0.4102,1
4.5096,-0.8737,-0.5144,1
4.5854,-0.9484,-0.6123,1
4.6810,-1.0633,-0.7527,1
4.7526,-1.1494,-0.8577,1
4.8123,-1.2841,-0.9747,1
4.8336,-1.3906,-1.0593,1
4.8577,-1.4902,-1.1474,1
4.8739,-1.6036,-1.2355,1
4.8857,-1.7485,-1.3698,1
4.8675,-1.8575,-1.4576,1
4.8470,-1.9643,-1.5359,1
4.8222,-2.1000,-1.6082,1
4.8894,-2.1891,-1.6291,1
4.9869,-2.2169,-1.6306,1
4.9909,-2.3506,-1.6218,1
4.9848,-2.4528,-1.6166,1
4.9828,-2.5529,-1.6179,1
4.9742,-2.6975,-1.6184,1
4.9735,-2.7989,-1.6184,1
4.9625,-2.9393,-1.6180,1
4.9591,-3.0742,-1.6202,1
4.9558,-3.2115,-1.6202,1
4.9435,-3.3238,-1.6202,1
4.9338,-3.4249,-1.6225,1
4.9220,-3.5408,-1.6225,1
4.9047,-3.6433,-1.6225,1
4.8846,-3.7576,-1.6225,1
4.8622,-3.8689,-1.6225,1
4.8363,-3.9673,-1.6225,1
4.8224,-4.0821,-1.6225,1
4.8045,-4.1897,-1.6225,1
4.7938,-4.2969,-1.6225,1
4.7764,-4.4161,-1.6225,1
4.7600,-4.5310,-1.6225,1
4.7434,-4.6510,-1.6225,1
4.7388,-4.7566,-1.6242,1
4.7263,-4.8949,-1.6251,1
4.7162,-4.9999,-1.6268,1
4.7097,-5.1106,-1.6268,1
4.7014,-5.2432,-1.6181,1
4.6972,-5.3647,-1.5686,1
4.7175,-5.4699,-1.5453,1
4.7264,-5.5764,-1.5435,1
4.7384,-5.6811,-1.5467,1
4.7549,-5.7905,-1.5486,1
4.7673,-5.8900,-1.5486,1
4.7731,-6.0010,-1.5486,1
4.7812,-6.1188,-1.5491,1
4.7899,-6.2503,-1.5504,1
4.7952,-6.3641,-1.5504,1
4.8053,-6.4844,-1.5521,1
4.8108,-6.6129,-1.5521,1
4.8178,-6.8112,-1.5539,1
4.8196,-6.9271,-1.5539,1
4.8269,-7.0376,-1.5554,1
4.8344,-7.1428,-1.5573,1
4.8353,-7.3183,-1.5573,1
4.8477,-7.4242,-1.5608,1
4.8456,-7.5837,-1.5608,1
4.8560,-7.7042,-1.5643,1
4.8565,-7.8459,-1.5661,1
4.8652,-7.9994,-1.5685,1
4.8656,-8.1232,-1.5712,1
4.8720,-8.2553,-1.5765,1
4.8757,-8.3558,-1.5787,1
4.8755,-8.4620,-1.5835,1
4.8733,-8.6066,-1.5905,1
4.8759,-8.7141,-1.5924,1
4.8747,-8.8598,-1.6027,1
4.8724,-9.0199,-1.6114,1
4.8723,-9.1202,-1.6130,1
4.8726,-9.2206,-1.6341,1
4.8658,-9.3298,-1.6562,1
4.8573,-9.4591,-1.6795,1
4.8406,-9.5694,-1.6952,1
4.8225,-9.6772,-1.7039,1
4.8194,-9.8182,-1.7266,1
4.7965,-9.9817,-1.7493,1
4.7795,-10.1018,-1.7550,1
4.7546,-10.2264,-1.7772,1
4.7249,-10.3678,-1.7929,1
4.6957,-10.4677,-1.8112,1
4.6731,-10.5958,-1.8080,1
4.6492,-10.7259,-1.7610,1
4.6314,-10.8482,-1.7720,1
4.6049,-10.9651,-1.8121,1
4.5670,-11.0943,-1.8061,1
4.5497,-11.2040,-1.7720,1
4.5562,-11.3647,-1.6462,1
4.5688,-11.4981,-1.5792,1
4.5993,-11.6206,-1.5334,1
4.6298,-11.7520,-1.4911,1
4.7150,-11.8690,-1.5079,1
4.7471,-11.9677,-1.5024,1
4.7653,-12.1112,-1.4924,1
4.8007,-12.2049,-1.5035,1
4.8017,-12.4042,-1.6177,1
4.8071,-12.5305,-1.6459,1
4.7782,-12.6292,-1.6588,1
4.7537,-12.7629,-1.6549,1
4.7352,-12.8626,-1.6550,1
4.7226,-13.0020,-1.6550,1
4.7200,-13.1615,-1.6550,1
4.6974,-13.3110,-1.6550,1
4.6848,-13.4544,-1.6550,1
4.6722,-13.6073,-1.6550,1
4.6696,-13.7594,-1.6550,1
4.6524,-13.9041,-1.6482,1
4.6279,-14.0485,-1.5957,1
4.6333,-14.1878,-1.4378,1
4.6621,-14.3146,-1.2956,1
4.7636,-14.4394,-1.2041,1
4.8244,-14.5309,-1.1159,1
4.9031,-14.6184,-1.0278,1
4.9853,-14.6961,-0.9381,1
5.0743,-14.7694,-0.8588,1
5.1892,-14.8431,-0.8017,1
5.2828,-14.9130,-0.7711,1
5.3665,-14.9840,-0.7606,1
5.4773,-15.0827,-0.7729,1
5.5790,-15.1791,-0.8126,1
5.6588,-15.2708,-0.9029,1
5.6116,-16.8568,-0.9472,1
5.4948,-19.7877,-0.9996,1
5.4019,-19.8919,-1.3550,1
5.3365,-20.0055,-1.4798,1
5.2396,-19.9468,-1.2545,1
5.2804,-20.0465,-1.1882,1
5.3901,-20.1069,-0.8968,1
5.4962,-20.0950,-0.6488,1
5.6102,-20.1360,-0.5240,1
5.7277,-20.1285,-0.4019,1
5.8554,-20.1238,-0.2750,1
6.0036,-20.1250,-0.1250,1
6.0609,-20.0208,0.0958,1
6.1444,-19.9624,0.1508,1
6.2249,-19.8610,0.2237,1
6.3313,-19.7527,0.3213,1
6.3712,-19.6313,0.3881,1
6.4652,-19.5042,0.5063,1
6.5619,-19.3904,0.6324,1
6.6086,-19.2752,0.7178,1
6.6598,-19.1375,0.8977,1
6.7223,-19.0418,1.0033,1
6.7443,-18.9412,1.0932,1
6.7427,-18.8136,1.1807,1
6.7434,-18.6931,1.2605,1
6.7438,-18.5759,1.3563,1
