index,latitude,longitude,x_m,y_m,direction,mode,drive_level
0,37.2886455001,127.1074193851,0.000,0.000,1,INTERSECTION,2.00
1,37.2886437667,127.1074232631,0.343,-0.193,1,INTERSECTION,2.00
2,37.2886411670,127.1074287029,0.825,-0.482,1,INTERSECTION,2.00
3,37.2886372672,127.1074364838,1.514,-0.916,1,INTERSECTION,2.00
4,37.2886327006,127.1074444294,2.218,-1.425,1,INTERSECTION,2.00
5,37.2886273008,127.1074517618,2.867,-2.026,1,INTERSECTION,2.00
6,37.2886191339,127.1074587191,3.484,-2.935,1,INTERSECTION,2.00
7,37.2886101003,127.1074636117,3.917,-3.941,1,INTERSECTION,2.00
8,37.2886012670,127.1074664689,4.170,-4.924,1,INTERSECTION,2.00
9,37.2885913334,127.1074685262,4.352,-6.030,1,INTERSECTION,2.00
10,37.2885809332,127.1074689806,4.392,-7.188,1,INTERSECTION,2.00
11,37.2885699326,127.1074670130,4.218,-8.412,1,INTERSECTION,2.00
12,37.2885593987,127.1074651673,4.055,-9.585,1,INTERSECTION,2.00
13,37.2885483981,127.1074615997,3.739,-10.809,1,INTERSECTION,2.00
14,37.2885410986,127.1074578673,3.408,-11.622,1,INTERSECTION,2.00
15,37.2885319654,127.1074536321,3.033,-12.639,1,INTERSECTION,2.00
16,37.2885233988,127.1074494321,2.661,-13.592,1,INTERSECTION,2.00
17,37.2885142987,127.1074447968,2.251,-14.605,1,INTERSECTION,2.00
18,37.2885063657,127.1074402291,1.846,-15.488,1,INTERSECTION,2.00
19,37.2884977989,127.1074354453,1.422,-16.442,1,INTERSECTION,2.00
20,37.2884902658,127.1074306777,1.000,-17.281,1,INTERSECTION,2.00
21,37.2884819660,127.1074266644,0.645,-18.205,1,INTERSECTION,2.00
22,37.2884737995,127.1074227482,0.298,-19.114,1,INTERSECTION,2.00
23,37.2884657663,127.1074192864,-0.009,-20.008,1,INTERSECTION,2.00
24,37.2884584000,127.1074161628,-0.285,-20.828,1,INTERSECTION,2.00
25,37.2884504335,127.1074125877,-0.602,-21.715,1,INTERSECTION,2.00
26,37.2884376990,127.1074068848,-1.107,-23.132,1,INTERSECTION,2.00
27,37.2884259981,127.1074016172,-1.574,-24.435,1,INTERSECTION,2.00
28,37.2884151643,127.1073963143,-2.043,-25.641,1,INTERSECTION,2.00
29,37.2884059308,127.1073912143,-2.495,-26.669,1,INTERSECTION,2.00
30,37.2883973973,127.1073849143,-3.053,-27.619,1,INTERSECTION,2.00
31,37.2883894637,127.1073777525,-3.687,-28.502,1,INTERSECTION,2.00
32,37.2883834637,127.1073689525,-4.467,-29.170,1,INTERSECTION,2.00
33,37.2883770301,127.1073580790,-5.430,-29.886,1,INTERSECTION,2.00
34,37.2883723966,127.1073492201,-6.214,-30.402,1,INTERSECTION,2.00
35,37.2883690631,127.1073382201,-7.188,-30.773,1,INTERSECTION,2.00
36,37.2883672630,127.1073263495,-8.240,-30.973,1,INTERSECTION,2.00
37,37.2883671295,127.1073163230,-9.128,-30.988,1,INTERSECTION,2.00
38,37.2883684295,127.1073051230,-10.120,-30.843,1,INTERSECTION,2.00
39,37.2883702295,127.1072941230,-11.094,-30.643,1,INTERSECTION,2.00
40,37.2883727295,127.1072835230,-12.033,-30.365,1,INTERSECTION,2.00
41,37.2883758962,127.1072711466,-13.129,-30.012,1,INTERSECTION,2.00
42,37.2883801631,127.1072558528,-14.483,-29.537,1,INTERSECTION,2.00
43,37.2883845302,127.1072413000,-15.772,-29.051,1,INTERSECTION,2.00
44,37.2883872302,127.1072301000,-16.764,-28.750,1,INTERSECTION,2.00
45,37.2883899967,127.1072202676,-17.635,-28.443,1,INTERSECTION,2.00
46,37.2883935635,127.1072062120,-18.880,-28.045,1,INTERSECTION,2.00
47,37.2883974303,127.1071927239,-20.074,-27.615,1,INTERSECTION,2.00
48,37.2884007639,127.1071801006,-21.192,-27.244,1,INTERSECTION,2.00
49,37.2884035308,127.1071730683,-21.815,-26.936,1,INTERSECTION,2.00
50,37.2884073645,127.1071634213,-22.669,-26.509,1,INTERSECTION,2.00
51,37.2884103313,127.1071567359,-23.262,-26.179,1,INTERSECTION,2.00
52,37.2884152317,127.1071473035,-24.097,-25.633,1,INTERSECTION,2.00
53,37.2884186315,127.1071395123,-24.787,-25.255,1,INTERSECTION,2.00
54,37.2884227645,127.1071309475,-25.545,-24.795,1,INTERSECTION,2.00
55,37.2884274976,127.1071220417,-26.334,-24.268,1,INTERSECTION,2.00
56,37.2884330972,127.1071141006,-27.038,-23.645,1,INTERSECTION,2.00
57,37.2884405972,127.1071089006,-27.498,-22.810,1,INTERSECTION,2.00
58,37.2884484972,127.1071063006,-27.728,-21.930,1,INTERSECTION,2.00
59,37.2884567972,127.1071058006,-27.773,-21.006,1,INTERSECTION,2.00
60,37.2884655306,127.1071072741,-27.642,-20.034,1,INTERSECTION,2.00
61,37.2884815994,127.1071165531,-26.820,-18.245,1,INTERSECTION,2.00
62,37.2884914999,127.1071230440,-26.245,-17.143,1,INTERSECTION,2.00
63,37.2884991664,127.1071268793,-25.906,-16.290,1,INTERSECTION,2.00
64,37.2885074998,127.1071307469,-25.563,-15.362,1,INTERSECTION,2.00
65,37.2885138993,127.1071340440,-25.271,-14.650,1,INTERSECTION,2.00
66,37.2885228329,127.1071384498,-24.881,-13.655,1,INTERSECTION,2.00
67,37.2885305995,127.1071418498,-24.580,-12.791,1,INTERSECTION,2.00
68,37.2885377660,127.1071458469,-24.226,-11.993,1,INTERSECTION,2.00
69,37.2885459328,127.1071507498,-23.792,-11.084,1,INTERSECTION,2.00
70,37.2885540662,127.1071552910,-23.390,-10.178,1,INTERSECTION,2.00
71,37.2885625996,127.1071595291,-23.014,-9.228,1,INTERSECTION,2.00
72,37.2885689658,127.1071640321,-22.615,-8.520,1,INTERSECTION,2.00
73,37.2885774326,127.1071691997,-22.158,-7.577,1,INTERSECTION,2.00
74,37.2885858659,127.1071737673,-21.753,-6.638,1,INTERSECTION,2.00
75,37.2885942327,127.1071778026,-21.396,-5.707,1,INTERSECTION,2.00
76,37.2886014992,127.1071818702,-21.036,-4.898,1,INTERSECTION,2.00
77,37.2886081991,127.1071852321,-20.738,-4.152,1,INTERSECTION,2.00
78,37.2886156329,127.1071890321,-20.401,-3.325,1,INTERSECTION,2.00
79,37.2886232999,127.1071924469,-20.099,-2.471,1,INTERSECTION,2.00
80,37.2886286998,127.1071959498,-19.789,-1.870,1,INTERSECTION,2.00
81,37.2886347999,127.1071990146,-19.517,-1.191,1,INTERSECTION,2.00
82,37.2886427636,127.1072037890,-19.094,-0.305,1,INTERSECTION,2.00
83,37.2886514932,127.1072106835,-18.484,0.667,1,INTERSECTION,2.00
84,37.2886621999,127.1072177178,-17.861,1.859,1,INTERSECTION,2.00
85,37.2886699337,127.1072210647,-17.564,2.720,1,INTERSECTION,2.00
86,37.2886765336,127.1072230706,-17.387,3.455,1,INTERSECTION,2.00
87,37.2886845005,127.1072253087,-17.188,4.342,1,INTERSECTION,2.00
88,37.2886938676,127.1072264764,-17.085,5.384,1,INTERSECTION,2.00
89,37.2887021675,127.1072268498,-17.052,6.308,1,INTERSECTION,2.00
90,37.2887100007,127.1072260204,-17.125,7.180,1,INTERSECTION,2.00
91,37.2887181006,127.1072235204,-17.347,8.082,1,INTERSECTION,2.00
92,37.2887262006,127.1072185146,-17.790,8.984,1,INTERSECTION,2.00
93,37.2887329005,127.1072125822,-18.316,9.729,1,INTERSECTION,2.00
94,37.2887397340,127.1072037469,-19.098,10.490,1,INTERSECTION,2.00
95,37.2887452006,127.1071923382,-20.108,11.099,1,INTERSECTION,2.00
96,37.2887497007,127.1071801971,-21.184,11.600,1,INTERSECTION,2.00
97,37.2887537007,127.1071700353,-22.084,12.045,1,INTERSECTION,2.00
98,37.2887576339,127.1071593353,-23.031,12.483,1,INTERSECTION,2.00
99,37.2887613671,127.1071482000,-24.018,12.898,1,INTERSECTION,2.00
100,37.2887654005,127.1071365295,-25.051,13.347,1,INTERSECTION,2.00
101,37.2887686671,127.1071252618,-26.049,13.711,1,INTERSECTION,2.00
102,37.2887719672,127.1071143000,-27.020,14.078,1,INTERSECTION,2.00
103,37.2887753006,127.1071031706,-28.006,14.449,1,INTERSECTION,2.00
104,37.2887785339,127.1070925087,-28.950,14.809,1,INTERSECTION,2.00
105,37.2887819673,127.1070803058,-30.031,15.191,1,INTERSECTION,2.00
106,37.2887854672,127.1070685705,-31.070,15.581,1,INTERSECTION,2.00
107,37.2887889005,127.1070574706,-32.053,15.963,1,INTERSECTION,2.00
108,37.2887925672,127.1070466029,-33.015,16.371,1,INTERSECTION,2.00
109,37.2887958672,127.1070363058,-33.927,16.739,1,INTERSECTION,2.00
110,37.2887988671,127.1070258029,-34.858,17.073,1,INTERSECTION,2.00
111,37.2888021003,127.1070155000,-35.770,17.433,1,INTERSECTION,2.00
112,37.2888054336,127.1070051000,-36.691,17.804,1,INTERSECTION,2.00
113,37.2888093336,127.1069945353,-37.627,18.238,1,INTERSECTION,2.00
114,37.2888132336,127.1069838705,-38.571,18.672,1,INTERSECTION,2.00
115,37.2888178005,127.1069726676,-39.564,19.180,1,INTERSECTION,2.00
116,37.2888217005,127.1069622029,-40.490,19.615,1,INTERSECTION,2.00
117,37.2888256672,127.1069516058,-41.429,20.056,1,INTERSECTION,2.00
118,37.2888293341,127.1069402382,-42.436,20.464,1,INTERSECTION,2.00
119,37.2888333343,127.1069288029,-43.448,20.910,1,INTERSECTION,2.00
120,37.2888363008,127.1069190411,-44.313,21.240,1,INTERSECTION,2.00
121,37.2888402008,127.1069080058,-45.290,21.674,1,INTERSECTION,2.00
122,37.2888439674,127.1068968029,-46.283,22.093,1,INTERSECTION,2.00
123,37.2888477675,127.1068861382,-47.227,22.516,1,INTERSECTION,2.00
124,37.2888515344,127.1068749029,-48.222,22.936,1,INTERSECTION,2.00
125,37.2888544677,127.1068649087,-49.107,23.262,1,INTERSECTION,2.00
126,37.2888581678,127.1068518971,-50.260,23.674,1,INTERSECTION,2.00
127,37.2888614678,127.1068409324,-51.231,24.041,1,INTERSECTION,2.00
128,37.2888654013,127.1068303029,-52.172,24.479,1,INTERSECTION,2.00
129,37.2888689014,127.1068195029,-53.129,24.869,1,INTERSECTION,2.00
130,37.2888722015,127.1068091087,-54.049,25.236,1,INTERSECTION,2.00
131,37.2888754016,127.1067962324,-55.190,25.593,1,INTERSECTION,2.00
132,37.2888772346,127.1067864382,-56.057,25.797,1,INTERSECTION,2.00
133,37.2888787678,127.1067740324,-57.156,25.967,1,INTERSECTION,2.00
134,37.2888786673,127.1067632000,-58.115,25.956,1,INTERSECTION,2.00
135,37.2888778337,127.1067522000,-59.089,25.863,1,INTERSECTION,2.00
136,37.2888766673,127.1067410589,-60.076,25.733,1,INTERSECTION,2.00
137,37.2888733341,127.1067316531,-60.909,25.362,1,INTERSECTION,2.00
138,37.2888699009,127.1067215796,-61.801,24.980,1,INTERSECTION,2.00
139,37.2888642341,127.1067130796,-62.554,24.349,1,INTERSECTION,2.00
140,37.2888567670,127.1067043443,-63.328,23.518,1,INTERSECTION,2.00
141,37.2888498336,127.1066980854,-63.882,22.746,1,INTERSECTION,2.00
142,37.2888427336,127.1066912854,-64.484,21.956,1,INTERSECTION,2.00
143,37.2888356001,127.1066850560,-65.036,21.162,1,INTERSECTION,2.00
144,37.2888284334,127.1066794618,-65.531,20.364,1,INTERSECTION,2.00
145,37.2888202333,127.1066733560,-66.072,19.451,1,INTERSECTION,2.00
146,37.2888121667,127.1066677178,-66.571,18.553,1,INTERSECTION,2.00
147,37.2888044002,127.1066630883,-66.981,17.689,1,INTERSECTION,2.00
148,37.2887975006,127.1066584265,-67.394,16.921,1,INTERSECTION,2.00
149,37.2887890005,127.1066526913,-67.902,15.974,1,INTERSECTION,2.00
150,37.2887800670,127.1066478560,-68.331,14.980,1,INTERSECTION,2.00
151,37.2887709669,127.1066427120,-68.786,13.967,1,INTERSECTION,2.00
152,37.2887641339,127.1066388090,-69.132,13.206,1,INTERSECTION,2.00
153,37.2887552003,127.1066343414,-69.527,12.212,1,INTERSECTION,2.00
154,37.2887471670,127.1066305091,-69.867,11.318,1,INTERSECTION,2.00
155,37.2887393002,127.1066264032,-70.230,10.442,1,INTERSECTION,2.00
156,37.2887335670,127.1066237488,-70.466,9.804,1,INTERSECTION,2.00
157,37.2887290665,127.1066216077,-70.655,9.303,1,INTERSECTION,2.00
